image,roi,item_id,count
credit_trade/1.png,"[10,120,1250,510]",item_char_skill_level_7_12,2
credit_trade/1.png,"[10,120,1250,510]",item_expcard_stage1_low,1
credit_trade/1.png,"[10,120,1250,510]",item_expcard_stage1_mid,1
credit_trade/1.png,"[10,120,1250,510]",item_gold,2
credit_trade/1.png,"[10,120,1250,510]",item_weapon_expcard_low,1
credit_trade/1.png,"[10,120,1250,510]",item_weapon_expcard_mid,1
credit_trade/2.png,"[10,120,1250,510]",item_char_skill_level_7_12,1
credit_trade/2.png,"[10,120,1250,510]",item_expcard_stage1_mid,1
credit_trade/2.png,"[10,120,1250,510]",item_gachabyproducts_weapongold,1
credit_trade/2.png,"[10,120,1250,510]",item_gold,3
credit_trade/2.png,"[10,120,1250,510]",item_weapon_break_high,1
credit_trade/2.png,"[10,120,1250,510]",item_weapon_expcard_low,1
credit_trade/2.png,"[10,120,1250,510]",item_weapon_expcard_mid,2
credit_trade/3.png,"[10,120,1250,510]",item_char_break_stage_3_4,1
credit_trade/3.png,"[10,120,1250,510]",item_char_skill_level_7_12,4
credit_trade/3.png,"[10,120,1250,510]",item_gold,3
credit_trade/3.png,"[10,120,1250,510]",item_weapon_expcard_low,1
credit_trade/3.png,"[10,120,1250,510]",item_weapon_expcard_mid,1
credit_trade/4.png,"[10,120,1250,510]",item_char_break_stage_1_2,1
credit_trade/4.png,"[10,120,1250,510]",item_char_break_stage_3_4,1
credit_trade/4.png,"[10,120,1250,510]",item_char_skill_level_1_6,1
credit_trade/4.png,"[10,120,1250,510]",item_char_skill_level_7_12,1
credit_trade/4.png,"[10,120,1250,510]",item_expcard_stage2_low,1
credit_trade/4.png,"[10,120,1250,510]",item_gold,4
credit_trade/4.png,"[10,120,1250,510]",item_weapon_expcard_mid,1
credit_trade/5.png,"[10,120,1250,510]",item_char_skill_level_7_12,1
credit_trade/5.png,"[10,120,1250,510]",item_expcard_stage2_low,2
credit_trade/5.png,"[10,120,1250,510]",item_gold,6
credit_trade/5.png,"[10,120,1250,510]",item_weapon_expcard_low,1
port_storager/1.png,"[78,228,1150,410]",item_drop_agdisk_1,1
port_storager/1.png,"[78,228,1150,410]",item_drop_hshog_1,1
port_storager/1.png,"[78,228,1150,410]",item_drop_hsmino_1,1
port_storager/1.png,"[78,228,1150,410]",item_drop_hvybow_1,1
port_storager/1.png,"[78,228,1150,410]",item_drop_lbroshan_1,1
port_storager/1.png,"[78,228,1150,410]",item_drop_lbtough_1,1
port_storager/1.png,"[78,228,1150,410]",item_drop_sandb_1,1
port_storager/1.png,"[78,228,1150,410]",item_drop_wgabyss_1,1
port_storager/1.png,"[78,228,1150,410]",item_drop_wgshoal_1,1
port_storager/1.png,"[78,228,1150,410]",item_plant_crylplant_1_1,1
port_storager/1.png,"[78,228,1150,410]",item_plant_crylplant_1_2,1
port_storager/1.png,"[78,228,1150,410]",item_plant_crylplant_2_1,1
port_storager/1.png,"[78,228,1150,410]",item_plant_mushroom_1_1,1
port_storager/1.png,"[78,228,1150,410]",item_plant_mushroom_1_3,1
port_storager/1.png,"[78,228,1150,410]",item_plant_mushroom_2_1,1
port_storager/1.png,"[78,228,1150,410]",item_plant_mushroom_2_2,1
port_storager/1.png,"[78,228,1150,410]",item_plant_spcstone_1_1,1
port_storager/1.png,"[78,228,1150,410]",item_plant_spcstone_1_2,1
port_storager/1.png,"[78,228,1150,410]",item_plant_spcstone_2_2,1
port_storager/1.png,"[78,228,1150,410]",item_port_battle_cannon_2,1
port_storager/1.png,"[78,228,1150,410]",item_port_battle_rocket_1,1
port_storager/1.png,"[78,228,1150,410]",item_port_battle_turret_3,1
port_storager/1.png,"[78,228,1150,410]",item_port_carrier_1,1
port_storager/1.png,"[78,228,1150,410]",item_port_power_diffuser_1,1
port_storager/1.png,"[78,228,1150,410]",item_port_travel_pole_2,1
port_storager/1.png,"[78,228,1150,410]",item_spaceship_cmpt_1,1
port_storager/1.png,"[78,228,1150,410]",item_spaceship_cmpt_2,1
port_storager/2.png,"[78,228,1150,410]",item_drop_agfly_1,1
port_storager/2.png,"[78,228,1150,410]",item_drop_agmelee_1,1
port_storager/2.png,"[78,228,1150,410]",item_drop_agrange_1,1
port_storager/2.png,"[78,228,1150,410]",item_drop_dog_1,1
port_storager/2.png,"[78,228,1150,410]",item_drop_erhound_1,1
port_storager/2.png,"[78,228,1150,410]",item_drop_ethillu_1,1
port_storager/2.png,"[78,228,1150,410]",item_drop_firebat_1,1
port_storager/2.png,"[78,228,1150,410]",item_drop_hsfly_1,1
port_storager/2.png,"[78,228,1150,410]",item_drop_lbmob_1,1
port_storager/2.png,"[78,228,1150,410]",item_drop_lbshamman_1,1
port_storager/2.png,"[78,228,1150,410]",item_drop_lbshield_1,1
port_storager/2.png,"[78,228,1150,410]",item_drop_mimicw_1,1
port_storager/2.png,"[78,228,1150,410]",item_drop_slimeml_1,1
port_storager/2.png,"[78,228,1150,410]",item_drop_wgslime_1,1
port_storager/2.png,"[78,228,1150,410]",item_drop_wgthorns_1,1
port_storager/2.png,"[78,228,1150,410]",item_plant_sp_2,1
port_storager/2.png,"[78,228,1150,410]",item_plant_sp_3,1
port_storager/2.png,"[78,228,1150,410]",item_plant_sp_4,1
port_storager/2.png,"[78,228,1150,410]",item_plant_tundra_insect_1,1
port_storager/2.png,"[78,228,1150,410]",item_plant_tundra_insect_2,1
port_storager/2.png,"[78,228,1150,410]",item_plant_tundra_wood,1
port_storager/2.png,"[78,228,1150,410]",item_port_battle_cannon_2,1
port_storager/2.png,"[78,228,1150,410]",item_port_battle_rocket_1,1
port_storager/2.png,"[78,228,1150,410]",item_port_battle_turret_3,1
port_storager/2.png,"[78,228,1150,410]",item_port_carrier_1,1
port_storager/2.png,"[78,228,1150,410]",item_port_travel_pole_2,1
port_storager/3.png,"[78,228,1150,410]",item_crystal_enr,1
port_storager/3.png,"[78,228,1150,410]",item_crystal_enr_powder,1
port_storager/3.png,"[78,228,1150,410]",item_fbottle_iron_water,1
port_storager/3.png,"[78,228,1150,410]",item_fbottle_iron_xiranite,1
port_storager/3.png,"[78,228,1150,410]",item_fbottle_iron_xiranite_enr,1
port_storager/3.png,"[78,228,1150,410]",item_glass_bottle,1
port_storager/3.png,"[78,228,1150,410]",item_iron_bottle,1
port_storager/3.png,"[78,228,1150,410]",item_iron_enr,1
port_storager/3.png,"[78,228,1150,410]",item_iron_enr_bottle,1
port_storager/3.png,"[78,228,1150,410]",item_iron_enr_powder,1
port_storager/3.png,"[78,228,1150,410]",item_iron_ore,1
port_storager/3.png,"[78,228,1150,410]",item_originium_ore,1
port_storager/3.png,"[78,228,1150,410]",item_plant_moss_1,1
port_storager/3.png,"[78,228,1150,410]",item_plant_moss_2,1
port_storager/3.png,"[78,228,1150,410]",item_plant_moss_3,1
port_storager/3.png,"[78,228,1150,410]",item_plant_moss_enr_powder_1,1
port_storager/3.png,"[78,228,1150,410]",item_plant_moss_seed_1,1
port_storager/3.png,"[78,228,1150,410]",item_port_battle_cannon_2,1
port_storager/3.png,"[78,228,1150,410]",item_port_battle_rocket_1,1
port_storager/3.png,"[78,228,1150,410]",item_port_battle_turret_3,1
port_storager/3.png,"[78,228,1150,410]",item_port_carrier_1,1
port_storager/3.png,"[78,228,1150,410]",item_port_travel_pole_2,1
port_storager/3.png,"[78,228,1150,410]",item_quartz_enr,1
port_storager/3.png,"[78,228,1150,410]",item_quartz_enr_powder,1
port_storager/3.png,"[78,228,1150,410]",item_quartz_sand,1
port_storager/3.png,"[78,228,1150,410]",item_xiranite_powder,1
port_storager/4.png,"[78,228,1150,410]",item_carbon_mtl,1
port_storager/4.png,"[78,228,1150,410]",item_crystal_powder,1
port_storager/4.png,"[78,228,1150,410]",item_crystal_shell,1
port_storager/4.png,"[78,228,1150,410]",item_equip_script_1,1
port_storager/4.png,"[78,228,1150,410]",item_equip_script_2,1
port_storager/4.png,"[78,228,1150,410]",item_equip_script_3,1
port_storager/4.png,"[78,228,1150,410]",item_equip_script_4_1,1
port_storager/4.png,"[78,228,1150,410]",item_iron_nugget,1
port_storager/4.png,"[78,228,1150,410]",item_iron_powder,1
port_storager/4.png,"[78,228,1150,410]",item_originium_enr_powder,1
port_storager/4.png,"[78,228,1150,410]",item_originium_powder,1
port_storager/4.png,"[78,228,1150,410]",item_plant_bbflower_powder_1,1
port_storager/4.png,"[78,228,1150,410]",item_plant_grass_powder_2,1
port_storager/4.png,"[78,228,1150,410]",item_plant_grass_spc_powder_1,1
port_storager/4.png,"[78,228,1150,410]",item_plant_grass_spc_powder_2,1
port_storager/4.png,"[78,228,1150,410]",item_plant_moss_powder_1,1
port_storager/4.png,"[78,228,1150,410]",item_plant_moss_powder_2,1
port_storager/4.png,"[78,228,1150,410]",item_plant_moss_powder_3,1
port_storager/4.png,"[78,228,1150,410]",item_plant_moss_spc_powder_1,1
port_storager/4.png,"[78,228,1150,410]",item_port_battle_cannon_2,1
port_storager/4.png,"[78,228,1150,410]",item_port_battle_rocket_1,1
port_storager/4.png,"[78,228,1150,410]",item_port_battle_turret_3,1
port_storager/4.png,"[78,228,1150,410]",item_port_carrier_1,1
port_storager/4.png,"[78,228,1150,410]",item_port_travel_pole_2,1
port_storager/4.png,"[78,228,1150,410]",item_quartz_glass,1
port_storager/4.png,"[78,228,1150,410]",item_quartz_powder,1
port_storager/5.png,"[78,228,1150,410]",item_agfly_1_agmelee_1_moss_2_1,1
port_storager/5.png,"[78,228,1150,410]",item_agmelee_1_moss_1_lbmob_1_1,1
port_storager/5.png,"[78,228,1150,410]",item_bottled_flower1spc_3,1
port_storager/5.png,"[78,228,1150,410]",item_bottled_flower2spc_2,1
port_storager/5.png,"[78,228,1150,410]",item_bottled_flower2spc_3,1
port_storager/5.png,"[78,228,1150,410]",item_bottled_grass2spc_2,1
port_storager/5.png,"[78,228,1150,410]",item_bottled_insec1_1,1
port_storager/5.png,"[78,228,1150,410]",item_bottled_insec1_2,1
port_storager/5.png,"[78,228,1150,410]",item_bottled_insec2_1,1
port_storager/5.png,"[78,228,1150,410]",item_bottled_insec2_2,1
port_storager/5.png,"[78,228,1150,410]",item_corp1_animal_1,1
port_storager/5.png,"[78,228,1150,410]",item_corp3_animal_1,1
port_storager/5.png,"[78,228,1150,410]",item_corp3_grass1_1,1
port_storager/5.png,"[78,228,1150,410]",item_corp4_grass2_1,1
port_storager/5.png,"[78,228,1150,410]",item_erhound_1_agmelee_1_moss_1_1,1
port_storager/5.png,"[78,228,1150,410]",item_ethillu_1_wgslime_1_wgthorns_1_1,1
port_storager/5.png,"[78,228,1150,410]",item_hscrane_1_hsmob_1_grass_1_1,1
port_storager/5.png,"[78,228,1150,410]",item_lbmob_1_lbshamman_1_sp_1_1,1
port_storager/5.png,"[78,228,1150,410]",item_lbshield_1_slimeml_1_dog_1_1,1
port_storager/5.png,"[78,228,1150,410]",item_port_battle_cannon_2,1
port_storager/5.png,"[78,228,1150,410]",item_port_battle_rocket_1,1
port_storager/5.png,"[78,228,1150,410]",item_port_battle_turret_3,1
port_storager/5.png,"[78,228,1150,410]",item_port_carrier_1,1
port_storager/5.png,"[78,228,1150,410]",item_port_travel_pole_2,1
port_storager/5.png,"[78,228,1150,410]",item_slimeml_1_erhound_1_agfly_1_1,1
port_storager/5.png,"[78,228,1150,410]",item_sp_1_moss_1_agmelee_1_1,1
port_storager/6.png,"[78,228,1150,410]",item_bottled_flower1spc_1,1
port_storager/6.png,"[78,228,1150,410]",item_bottled_flower1spc_2,1
port_storager/6.png,"[78,228,1150,410]",item_bottled_food_1,1
port_storager/6.png,"[78,228,1150,410]",item_bottled_food_2,1
port_storager/6.png,"[78,228,1150,410]",item_bottled_rec_hp_1,1
port_storager/6.png,"[78,228,1150,410]",item_bottled_rec_hp_3,1
port_storager/6.png,"[78,228,1150,410]",item_bottled_rec_hp_4,1
port_storager/6.png,"[78,228,1150,410]",item_bottled_rec_hp_5,1
port_storager/6.png,"[78,228,1150,410]",item_port_battle_cannon_2,1
port_storager/6.png,"[78,228,1150,410]",item_port_battle_rocket_1,1
port_storager/6.png,"[78,228,1150,410]",item_port_battle_turret_3,1
port_storager/6.png,"[78,228,1150,410]",item_port_carrier_1,1
port_storager/6.png,"[78,228,1150,410]",item_port_miner_1,1
port_storager/6.png,"[78,228,1150,410]",item_port_miner_2,1
port_storager/6.png,"[78,228,1150,410]",item_port_power_diffuser_1,1
port_storager/6.png,"[78,228,1150,410]",item_port_power_pole_2,1
port_storager/6.png,"[78,228,1150,410]",item_port_power_sta_1,1
port_storager/6.png,"[78,228,1150,410]",item_port_shaper_1,1
port_storager/6.png,"[78,228,1150,410]",item_port_travel_pole_1,1
port_storager/6.png,"[78,228,1150,410]",item_port_travel_pole_2,2
port_storager/7.png,"[78,228,1150,410]",item_bottled_food_1,1
port_storager/7.png,"[78,228,1150,410]",item_port_battle_cannon_2,1
port_storager/7.png,"[78,228,1150,410]",item_port_battle_fog_1,1
port_storager/7.png,"[78,228,1150,410]",item_port_battle_laser_1,1
port_storager/7.png,"[78,228,1150,410]",item_port_battle_lightning_1,1
port_storager/7.png,"[78,228,1150,410]",item_port_battle_medic_1,1
port_storager/7.png,"[78,228,1150,410]",item_port_battle_rocket_1,1
port_storager/7.png,"[78,228,1150,410]",item_port_battle_sniper_1,1
port_storager/7.png,"[78,228,1150,410]",item_port_battle_turret_2,1
port_storager/7.png,"[78,228,1150,410]",item_port_battle_turret_3,1
port_storager/7.png,"[78,228,1150,410]",item_port_carrier_1,1
port_storager/7.png,"[78,228,1150,410]",item_port_miner_1,1
port_storager/7.png,"[78,228,1150,410]",item_port_miner_2,1
port_storager/7.png,"[78,228,1150,410]",item_port_power_diffuser_1,1
port_storager/7.png,"[78,228,1150,410]",item_port_power_pole_2,1
port_storager/7.png,"[78,228,1150,410]",item_port_power_sta_1,1
port_storager/7.png,"[78,228,1150,410]",item_port_shaper_1,1
port_storager/7.png,"[78,228,1150,410]",item_port_travel_pole_1,1
port_storager/7.png,"[78,228,1150,410]",item_port_travel_pole_2,2
port_storager/8.png,"[78,228,1150,410]",item_bottled_flower2spc_3,1
port_storager/8.png,"[78,228,1150,410]",item_bottled_rec_hp_1,1
port_storager/8.png,"[78,228,1150,410]",item_bottled_rec_hp_5,4
port_storager/8.png,"[78,228,1150,410]",item_device_balloon_recycle_3,1
port_storager/8.png,"[78,228,1150,410]",item_device_xiranite_nexus_3,1
port_storager/8.png,"[78,228,1150,410]",item_device_xiranite_radar_1,1
port_storager/8.png,"[78,228,1150,410]",item_drop_agdisk_1,1
port_storager/8.png,"[78,228,1150,410]",item_drop_hshog_1,1
port_storager/8.png,"[78,228,1150,410]",item_drop_hsmino_1,1
port_storager/8.png,"[78,228,1150,410]",item_drop_hvybow_1,1
port_storager/8.png,"[78,228,1150,410]",item_drop_lbroshan_1,1
port_storager/8.png,"[78,228,1150,410]",item_drop_lbtough_1,1
port_storager/8.png,"[78,228,1150,410]",item_drop_sandb_1,1
port_storager/8.png,"[78,228,1150,410]",item_drop_wgabyss_1,1
port_storager/8.png,"[78,228,1150,410]",item_drop_wgshoal_1,1
port_storager/8.png,"[78,228,1150,410]",item_plant_crylplant_1_1,1
port_storager/8.png,"[78,228,1150,410]",item_plant_crylplant_1_2,1
port_storager/8.png,"[78,228,1150,410]",item_plant_crylplant_2_1,1
port_storager/8.png,"[78,228,1150,410]",item_plant_mushroom_1_1,1
port_storager/8.png,"[78,228,1150,410]",item_plant_mushroom_1_3,1
port_storager/8.png,"[78,228,1150,410]",item_plant_mushroom_2_1,1
port_storager/8.png,"[78,228,1150,410]",item_plant_mushroom_2_2,1
port_storager/8.png,"[78,228,1150,410]",item_plant_spcstone_1_1,1
port_storager/8.png,"[78,228,1150,410]",item_plant_spcstone_1_2,1
port_storager/8.png,"[78,228,1150,410]",item_plant_spcstone_2_2,1
port_storager/8.png,"[78,228,1150,410]",item_port_battle_cannon_2,1
port_storager/8.png,"[78,228,1150,410]",item_port_battle_rocket_1,1
port_storager/8.png,"[78,228,1150,410]",item_port_battle_turret_3,1
port_storager/8.png,"[78,228,1150,410]",item_port_power_diffuser_1,1
port_storager/8.png,"[78,228,1150,410]",item_port_travel_pole_2,1
port_storager/8.png,"[78,228,1150,410]",item_proc_bomb_1,1
port_storager/8.png,"[78,228,1150,410]",item_slimeml_1_agrange_1_moss_2_1,1
port_storager/8.png,"[78,228,1150,410]",item_spaceship_cmpt_1,1
port_storager/8.png,"[78,228,1150,410]",item_spaceship_cmpt_2,1
rewards/1.png,"[178,140,935,440]",item_expcard_stage2_high,1
rewards/2.png,"[178,140,935,440]",item_weapon_expcard_high,1
rewards/3.png,"[178,140,935,440]",ap_supply_lt_n,1
rewards/3.png,"[178,140,935,440]",item_adventureexp,1
rewards/3.png,"[178,140,935,440]",item_cbp_exp,1
rewards/3.png,"[178,140,935,440]",item_char_skill_level_1_6,1
rewards/3.png,"[178,140,935,440]",item_diamond,1
rewards/3.png,"[178,140,935,440]",item_expcard_stage1_high,1
rewards/3.png,"[178,140,935,440]",item_gold,1
rewards/3.png,"[178,140,935,440]",item_weapon_expcard_high,1
rewards/4.png,"[178,140,935,440]",item_char_skill_level_7_12,1
rewards/4.png,"[178,140,935,440]",item_diamond,1
rewards/4.png,"[178,140,935,440]",item_expcard_stage2_low,1
rewards/4.png,"[178,140,935,440]",item_gold,1
rewards/4.png,"[178,140,935,440]",item_originium_recharge,1
rewards/4.png,"[178,140,935,440]",item_weapon_expcard_high,1
shipment/1.png,"[43,169,480,408]",item_bottled_rec_hp_1,1
shipment/1.png,"[43,169,480,408]",item_bottled_rec_hp_3,1
shipment/1.png,"[43,169,480,408]",item_carbon_mtl,1
shipment/1.png,"[43,169,480,408]",item_crystal_enr,1
shipment/1.png,"[43,169,480,408]",item_crystal_shell,1
shipment/1.png,"[43,169,480,408]",item_equip_script_1,1
shipment/1.png,"[43,169,480,408]",item_equip_script_2,1
shipment/1.png,"[43,169,480,408]",item_equip_script_3,1
shipment/1.png,"[43,169,480,408]",item_glass_bottle,1
shipment/1.png,"[43,169,480,408]",item_glass_enr_cmpt,1
shipment/1.png,"[43,169,480,408]",item_iron_cmpt,1
shipment/1.png,"[43,169,480,408]",item_iron_enr_cmpt,1
shipment/1.png,"[43,169,480,408]",item_plant_moss_powder_3,1
shipment/1.png,"[43,169,480,408]",item_proc_battery_3,1
shipment/1.png,"[43,169,480,408]",item_proc_bomb_1,1
shipment/2.png,"[43,169,480,408]",item_bottled_rec_hp_1,1
shipment/2.png,"[43,169,480,408]",item_bottled_rec_hp_3,1
shipment/2.png,"[43,169,480,408]",item_carbon_mtl,1
shipment/2.png,"[43,169,480,408]",item_crystal_enr,1
shipment/2.png,"[43,169,480,408]",item_crystal_shell,1
shipment/2.png,"[43,169,480,408]",item_equip_script_1,1
shipment/2.png,"[43,169,480,408]",item_equip_script_2,1
shipment/2.png,"[43,169,480,408]",item_equip_script_3,1
shipment/2.png,"[43,169,480,408]",item_glass_bottle,1
shipment/2.png,"[43,169,480,408]",item_glass_enr_cmpt,1
shipment/2.png,"[43,169,480,408]",item_iron_cmpt,1
shipment/2.png,"[43,169,480,408]",item_iron_enr_cmpt,1
shipment/2.png,"[43,169,480,408]",item_plant_moss_powder_3,1
shipment/2.png,"[43,169,480,408]",item_proc_battery_3,1
shipment/2.png,"[43,169,480,408]",item_proc_bomb_1,1
shipment/3.png,"[43,169,480,408]",item_bottled_rec_hp_5,1
shipment/3.png,"[43,169,480,408]",item_carbon_mtl,1
shipment/3.png,"[43,169,480,408]",item_crystal_powder,1
shipment/3.png,"[43,169,480,408]",item_equip_script_1,1
shipment/3.png,"[43,169,480,408]",item_equip_script_2,1
shipment/3.png,"[43,169,480,408]",item_iron_enr,1
shipment/3.png,"[43,169,480,408]",item_iron_enr_powder,1
shipment/3.png,"[43,169,480,408]",item_iron_nugget,1
shipment/3.png,"[43,169,480,408]",item_iron_powder,1
shipment/3.png,"[43,169,480,408]",item_originium_enr_powder,1
shipment/3.png,"[43,169,480,408]",item_originium_powder,1
shipment/3.png,"[43,169,480,408]",item_plant_moss_powder_1,1
shipment/3.png,"[43,169,480,408]",item_plant_moss_powder_3,1
shipment/3.png,"[43,169,480,408]",item_proc_bomb_1,1
shipment/3.png,"[43,169,480,408]",item_quartz_glass,1
shipment/4.png,"[43,169,480,408]",item_crystal_enr_powder,1
shipment/4.png,"[43,169,480,408]",item_fbottle_iron_xiranite,1
shipment/4.png,"[43,169,480,408]",item_fbottle_iron_xiranite_enr,1
shipment/4.png,"[43,169,480,408]",item_glass_cmpt,1
shipment/4.png,"[43,169,480,408]",item_iron_enr_bottle,1
shipment/4.png,"[43,169,480,408]",item_plant_bbflower_powder_1,1
shipment/4.png,"[43,169,480,408]",item_plant_moss_enr_powder_1,1
shipment/4.png,"[43,169,480,408]",item_quartz_enr,1
shipment/4.png,"[43,169,480,408]",item_quartz_enr_powder,1
shipment/4.png,"[43,169,480,408]",item_quartz_powder,1
shipment/5.png,"[43,169,480,408]",item_agfly_1_agmelee_1_moss_2_1,1
shipment/5.png,"[43,169,480,408]",item_bottled_flower1spc_3,1
shipment/5.png,"[43,169,480,408]",item_bottled_flower2spc_3,1
shipment/5.png,"[43,169,480,408]",item_bottled_insec1_2,1
shipment/5.png,"[43,169,480,408]",item_bottled_insec2_2,1
shipment/5.png,"[43,169,480,408]",item_corp3_grass1_1,1
shipment/5.png,"[43,169,480,408]",item_corp4_grass2_1,1
shipment/5.png,"[43,169,480,408]",item_erhound_1_agmelee_1_moss_1_1,1
shipment/5.png,"[43,169,480,408]",item_ethillu_1_wgslime_1_wgthorns_1_1,1
shipment/5.png,"[43,169,480,408]",item_fbottle_iron_water,1
shipment/5.png,"[43,169,480,408]",item_hscrane_1_hsmob_1_grass_1_1,1
shipment/5.png,"[43,169,480,408]",item_iron_bottle,1
shipment/5.png,"[43,169,480,408]",item_lbmob_1_lbshamman_1_sp_1_1,1
shipment/5.png,"[43,169,480,408]",item_plant_grass_spc_powder_1,1
shipment/5.png,"[43,169,480,408]",item_plant_moss_spc_powder_1,1
shipment/6.png,"[43,169,480,408]",item_agmelee_1_moss_1_lbmob_1_1,1
shipment/6.png,"[43,169,480,408]",item_bottled_flower1spc_2,1
shipment/6.png,"[43,169,480,408]",item_bottled_flower2spc_2,1
shipment/6.png,"[43,169,480,408]",item_bottled_food_2,1
shipment/6.png,"[43,169,480,408]",item_bottled_grass2spc_2,1
shipment/6.png,"[43,169,480,408]",item_bottled_insec2_1,1
shipment/6.png,"[43,169,480,408]",item_bottled_rec_hp_4,1
shipment/6.png,"[43,169,480,408]",item_corp1_animal_1,1
shipment/6.png,"[43,169,480,408]",item_corp3_animal_1,1
shipment/6.png,"[43,169,480,408]",item_lbshield_1_slimeml_1_dog_1_1,1
shipment/6.png,"[43,169,480,408]",item_plant_grass_powder_2,1
shipment/6.png,"[43,169,480,408]",item_plant_grass_spc_powder_2,1
shipment/6.png,"[43,169,480,408]",item_plant_moss_powder_2,1
shipment/6.png,"[43,169,480,408]",item_sp_1_moss_1_agmelee_1_1,1
shipment/6.png,"[43,169,480,408]",item_xiranite_powder,1
shipment/7.png,"[43,169,480,408]",item_agmelee_1_moss_1_lbmob_1_1,1
shipment/7.png,"[43,169,480,408]",item_bottled_flower1spc_1,1
shipment/7.png,"[43,169,480,408]",item_bottled_flower1spc_2,1
shipment/7.png,"[43,169,480,408]",item_bottled_flower2spc_2,1
shipment/7.png,"[43,169,480,408]",item_bottled_food_1,1
shipment/7.png,"[43,169,480,408]",item_bottled_insec1_1,1
shipment/7.png,"[43,169,480,408]",item_corp1_animal_1,1
shipment/7.png,"[43,169,480,408]",item_corp3_animal_1,1
shipment/7.png,"[43,169,480,408]",item_equip_script_4_1,1
shipment/7.png,"[43,169,480,408]",item_jzmonk_1_hsmob_1_1,1
shipment/7.png,"[43,169,480,408]",item_slimeml_1_erhound_1_agfly_1_1,1
shipment/8.png,"[43,169,480,408]",item_copper_cmpt,1
shipment/8.png,"[43,169,480,408]",item_copper_enr2_cmpt,1
shipment/8.png,"[43,169,480,408]",item_copper_jar,1
shipment/8.png,"[43,169,480,408]",item_copper_nugget,1
shipment/8.png,"[43,169,480,408]",item_equip_script_4,1
shipment/8.png,"[43,169,480,408]",item_equip_script_4_2,1
shipment/8.png,"[43,169,480,408]",item_filter_core,1
shipment/8.png,"[43,169,480,408]",item_gasjar_copper_gas_inert,1
shipment/8.png,"[43,169,480,408]",item_iron_bottle,1
shipment/8.png,"[43,169,480,408]",item_iron_cmpt,1
shipment/8.png,"[43,169,480,408]",item_iron_powder,1
shipment/8.png,"[43,169,480,408]",item_plant_moss_powder_3,1
shipment/8.png,"[43,169,480,408]",item_xiranite_enr_powder,1
shipment/8.png,"[43,169,480,408]",item_xiranite_poly,1
shipment/8.png,"[43,169,480,408]",item_xiranite_powder,1
shipment/9.png,"[43,169,480,408]",item_bottled_rec_hp_5,1
shipment/9.png,"[43,169,480,408]",item_carbon_enr,1
shipment/9.png,"[43,169,480,408]",item_carbon_enr_powder,1
shipment/9.png,"[43,169,480,408]",item_carbon_mtl,1
shipment/9.png,"[43,169,480,408]",item_carbon_powder,1
shipment/9.png,"[43,169,480,408]",item_copper_enr_cmpt,1
shipment/9.png,"[43,169,480,408]",item_equip_script_4_1,1
shipment/9.png,"[43,169,480,408]",item_equip_script_4_3,1
shipment/9.png,"[43,169,480,408]",item_fbottle_copper_grass_2,1
shipment/9.png,"[43,169,480,408]",item_fbottle_iron_xiranite,1
shipment/9.png,"[43,169,480,408]",item_iron_nugget,1
shipment/9.png,"[43,169,480,408]",item_originium_powder,1
shipment/9.png,"[43,169,480,408]",item_plant_grass_powder_1,1
shipment/9.png,"[43,169,480,408]",item_plant_grass_powder_2,1
shipment/9.png,"[43,169,480,408]",item_proc_battery_5,1
shipment/10.png,"[43,169,480,408]",item_bottled_insec2_2,1
shipment/10.png,"[43,169,480,408]",item_copper_bottle,1
shipment/10.png,"[43,169,480,408]",item_copper_enr,1
shipment/10.png,"[43,169,480,408]",item_copper_powder,1
shipment/10.png,"[43,169,480,408]",item_corp3_grass1_1,1
shipment/10.png,"[43,169,480,408]",item_corp4_grass2_1,1
shipment/10.png,"[43,169,480,408]",item_crystal_enr,1
shipment/10.png,"[43,169,480,408]",item_crystal_enr_powder,1
shipment/10.png,"[43,169,480,408]",item_crystal_powder,1
shipment/10.png,"[43,169,480,408]",item_ethillu_1_wgslime_1_wgthorns_1_1,1
shipment/10.png,"[43,169,480,408]",item_fbottle_iron_water,1
shipment/10.png,"[43,169,480,408]",item_fbottle_iron_xiranite_enr,1
shipment/10.png,"[43,169,480,408]",item_hscrane_1_hsmob_1_grass_1_1,1
shipment/10.png,"[43,169,480,408]",item_originium_enr_powder,1
shipment/10.png,"[43,169,480,408]",item_proc_battery_3,1
shipment/11.png,"[43,169,480,408]",item_agmelee_1_moss_1_lbmob_1_1,1
shipment/11.png,"[43,169,480,408]",item_agrange_1_erhound_1_sp_1_1,1
shipment/11.png,"[43,169,480,408]",item_bottled_flower1spc_2,1
shipment/11.png,"[43,169,480,408]",item_bottled_flower2spc_3,1
shipment/11.png,"[43,169,480,408]",item_bottled_grass2spc_2,1
shipment/11.png,"[43,169,480,408]",item_erhound_1_agmelee_1_moss_1_1,1
shipment/11.png,"[43,169,480,408]",item_iron_enr,1
shipment/11.png,"[43,169,480,408]",item_iron_enr_cmpt,1
shipment/11.png,"[43,169,480,408]",item_iron_enr_powder,1
shipment/11.png,"[43,169,480,408]",item_lbmob_1_lbshamman_1_sp_1_1,1
shipment/11.png,"[43,169,480,408]",item_lbshamman_1_agmelee_1_1,1
shipment/11.png,"[43,169,480,408]",item_plant_grass_spc_powder_2,1
shipment/11.png,"[43,169,480,408]",item_plant_moss_powder_1,1
shipment/11.png,"[43,169,480,408]",item_plant_moss_spc_powder_1,1
shipment/11.png,"[43,169,480,408]",item_slimeml_1_erhound_1_agfly_1_1,1
shipment/12.png,"[43,169,480,408]",item_agfly_1_agmelee_1_moss_2_1,1
shipment/12.png,"[43,169,480,408]",item_bottled_flower1spc_3,1
shipment/12.png,"[43,169,480,408]",item_bottled_flower2spc_2,1
shipment/12.png,"[43,169,480,408]",item_bottled_food_1,1
shipment/12.png,"[43,169,480,408]",item_bottled_food_2,1
shipment/12.png,"[43,169,480,408]",item_bottled_grass1spc_1,1
shipment/12.png,"[43,169,480,408]",item_bottled_insec1_1,1
shipment/12.png,"[43,169,480,408]",item_bottled_rec_hp_1,1
shipment/12.png,"[43,169,480,408]",item_equip_script_3,1
shipment/12.png,"[43,169,480,408]",item_fbottle_copper_grass_1,1
shipment/12.png,"[43,169,480,408]",item_fbottle_iron_grass_1,1
shipment/12.png,"[43,169,480,408]",item_lbshield_1_slimeml_1_dog_1_1,1
shipment/12.png,"[43,169,480,408]",item_plant_grass_spc_powder_1,1
shipment/12.png,"[43,169,480,408]",item_slimeml_1_agrange_1_moss_2_1,1
shipment/12.png,"[43,169,480,408]",item_sp_1_moss_1_agmelee_1_1,1
shipment/13.png,"[43,169,480,408]",item_agrange_1_moss_2_lbmob_1_1,1
shipment/13.png,"[43,169,480,408]",item_bottled_flower1spc_1,1
shipment/13.png,"[43,169,480,408]",item_bottled_insec2_1,1
shipment/13.png,"[43,169,480,408]",item_bottled_rec_hp_2,1
shipment/13.png,"[43,169,480,408]",item_bottled_rec_hp_3,1
shipment/13.png,"[43,169,480,408]",item_corp1_animal_1,1
shipment/13.png,"[43,169,480,408]",item_corp3_animal_1,1
shipment/13.png,"[43,169,480,408]",item_corp4_animal_1,1
shipment/13.png,"[43,169,480,408]",item_equip_script_2,1
shipment/13.png,"[43,169,480,408]",item_plant_moss_powder_2,1
shipment/13.png,"[43,169,480,408]",item_plant_moss_spc_powder_2,1
shipment/13.png,"[43,169,480,408]",item_proc_bomb_1,1
shipment/13.png,"[43,169,480,408]",item_sp_2_moss_2_agrange_1_1,1
shipment/13.png,"[43,169,480,408]",item_wgslime_1_wgthorns_1_1,1
single_roi/1151-393-66/1.png,"[1151,393,66,66]",item_proc_battery_3,1
single_roi/1151-393-66/2.png,"[1151,393,66,66]",item_bottled_rec_hp_3,1
single_roi/1151-393-66/3.png,"[1151,393,66,66]",item_proc_battery_5,1
single_roi/1151-393-66/4.png,"[1151,393,66,66]",item_copper_enr2_cmpt,1
single_roi/1151-393-66/5.png,"[1151,393,66,66]",item_copper_enr2_cmpt,1
single_roi/1151-393-66/6.png,"[1151,393,66,66]",item_glass_bottle,1
trade/1.png,"[32,46,1216,549]",item_bottled_food_1,1
trade/1.png,"[32,46,1216,549]",item_bottled_food_2,1
trade/1.png,"[32,46,1216,549]",item_bottled_food_3,1
trade/1.png,"[32,46,1216,549]",item_bottled_rec_hp_2,1
trade/1.png,"[32,46,1216,549]",item_bottled_rec_hp_3,1
trade/1.png,"[32,46,1216,549]",item_iron_cmpt,1
trade/1.png,"[32,46,1216,549]",item_proc_battery_1,1
trade/1.png,"[32,46,1216,549]",item_proc_battery_2,1
trade/1.png,"[32,46,1216,549]",item_proc_battery_3,1
trade/2.png,"[32,46,1216,549]",item_bottled_food_1,1
trade/2.png,"[32,46,1216,549]",item_bottled_food_2,1
trade/2.png,"[32,46,1216,549]",item_bottled_food_3,1
trade/2.png,"[32,46,1216,549]",item_bottled_rec_hp_2,1
trade/2.png,"[32,46,1216,549]",item_bottled_rec_hp_3,1
trade/2.png,"[32,46,1216,549]",item_iron_enr_cmpt,1
trade/2.png,"[32,46,1216,549]",item_proc_battery_2,1
trade/2.png,"[32,46,1216,549]",item_proc_battery_3,1
trade/3.png,"[32,46,1216,549]",item_bottled_food_4,1
trade/3.png,"[32,46,1216,549]",item_bottled_food_5,1
trade/3.png,"[32,46,1216,549]",item_bottled_rec_hp_4,1
trade/3.png,"[32,46,1216,549]",item_bottled_rec_hp_5,1
trade/3.png,"[32,46,1216,549]",item_copper_cmpt,1
trade/3.png,"[32,46,1216,549]",item_copper_enr_cmpt,1
trade/3.png,"[32,46,1216,549]",item_proc_battery_4,1
trade/3.png,"[32,46,1216,549]",item_proc_battery_5,1
trade/3.png,"[32,46,1216,549]",item_xiranite_enr_powder,1
trade/4.png,"[32,46,1216,549]",item_bottled_food_5,1
trade/4.png,"[32,46,1216,549]",item_bottled_rec_hp_5,1
trade/4.png,"[32,46,1216,549]",item_copper_enr2_cmpt,1
trade/4.png,"[32,46,1216,549]",item_copper_enr_cmpt,1
trade/4.png,"[32,46,1216,549]",item_proc_battery_4,1
trade/4.png,"[32,46,1216,549]",item_proc_battery_5,1
trade/4.png,"[32,46,1216,549]",item_xiranite_enr_powder,1
trade/4.png,"[32,46,1216,549]",item_xiranite_powder,1
trade/5.png,"[32,46,1216,549]",item_bottled_food_5,1
trade/5.png,"[32,46,1216,549]",item_bottled_rec_hp_5,1
trade/5.png,"[32,46,1216,549]",item_copper_enr2_cmpt,1
trade/5.png,"[32,46,1216,549]",item_filter_core,1
trade/5.png,"[32,46,1216,549]",item_proc_battery_5,1
trade/5.png,"[32,46,1216,549]",item_xiranite_enr_powder,1
trade/5.png,"[32,46,1216,549]",item_xiranite_powder,1
trade/6.png,"[32,46,1216,549]",item_bottled_food_4,1
trade/6.png,"[32,46,1216,549]",item_bottled_food_5,1
trade/6.png,"[32,46,1216,549]",item_bottled_rec_hp_4,1
trade/6.png,"[32,46,1216,549]",item_bottled_rec_hp_5,1
trade/6.png,"[32,46,1216,549]",item_copper_cmpt,1
trade/6.png,"[32,46,1216,549]",item_proc_battery_4,1
trade/6.png,"[32,46,1216,549]",item_xiranite_powder,1
trade/7.png,"[32,46,1216,549]",item_bottled_food_1,1
trade/7.png,"[32,46,1216,549]",item_bottled_food_2,1
trade/7.png,"[32,46,1216,549]",item_bottled_food_3,1
trade/7.png,"[32,46,1216,549]",item_bottled_rec_hp_1,1
trade/7.png,"[32,46,1216,549]",item_bottled_rec_hp_2,1
trade/7.png,"[32,46,1216,549]",item_crystal_shell,1
trade/7.png,"[32,46,1216,549]",item_glass_cmpt,1
trade/7.png,"[32,46,1216,549]",item_proc_battery_2,1
trade/8.png,"[32,46,1216,549]",item_bottled_food_1,1
trade/8.png,"[32,46,1216,549]",item_bottled_food_2,1
trade/8.png,"[32,46,1216,549]",item_bottled_food_3,1
trade/8.png,"[32,46,1216,549]",item_bottled_rec_hp_1,1
trade/8.png,"[32,46,1216,549]",item_bottled_rec_hp_2,1
trade/8.png,"[32,46,1216,549]",item_bottled_rec_hp_3,1
trade/8.png,"[32,46,1216,549]",item_glass_bottle,1
trade/8.png,"[32,46,1216,549]",item_proc_battery_2,1
trade/8.png,"[32,46,1216,549]",item_proc_battery_3,1
transfer/1.png,"[30,160,1220,370]",item_bottled_flower2spc_3,1
transfer/1.png,"[30,160,1220,370]",item_bottled_insec1_2,1
transfer/1.png,"[30,160,1220,370]",item_bottled_rec_hp_1,1
transfer/1.png,"[30,160,1220,370]",item_bottled_rec_hp_5,4
transfer/1.png,"[30,160,1220,370]",item_corp3_grass1_1,1
transfer/1.png,"[30,160,1220,370]",item_corp4_grass2_1,1
transfer/1.png,"[30,160,1220,370]",item_device_balloon_recycle_3,1
transfer/1.png,"[30,160,1220,370]",item_device_xiranite_nexus_3,1
transfer/1.png,"[30,160,1220,370]",item_device_xiranite_radar_1,1
transfer/1.png,"[30,160,1220,370]",item_drop_agfly_1,1
transfer/1.png,"[30,160,1220,370]",item_drop_agmelee_1,1
transfer/1.png,"[30,160,1220,370]",item_drop_dog_1,1
transfer/1.png,"[30,160,1220,370]",item_drop_erhound_1,1
transfer/1.png,"[30,160,1220,370]",item_drop_hsfly_1,1
transfer/1.png,"[30,160,1220,370]",item_drop_hsmob_1,1
transfer/1.png,"[30,160,1220,370]",item_drop_lbmob_1,1
transfer/1.png,"[30,160,1220,370]",item_drop_lbshield_1,1
transfer/1.png,"[30,160,1220,370]",item_drop_slimeml_1,1
transfer/1.png,"[30,160,1220,370]",item_drop_wgslime_1,1
transfer/1.png,"[30,160,1220,370]",item_drop_wgthorns_1,1
transfer/1.png,"[30,160,1220,370]",item_ethillu_1_wgslime_1_wgthorns_1_1,1
transfer/1.png,"[30,160,1220,370]",item_hscrane_1_hsmob_1_grass_1_1,1
transfer/1.png,"[30,160,1220,370]",item_lbshield_1_slimeml_1_dog_1_1,1
transfer/1.png,"[30,160,1220,370]",item_plant_bbflower_1,1
transfer/1.png,"[30,160,1220,370]",item_plant_grass_1,1
transfer/1.png,"[30,160,1220,370]",item_plant_grass_2,1
transfer/1.png,"[30,160,1220,370]",item_plant_grass_seed_1,1
transfer/1.png,"[30,160,1220,370]",item_plant_grass_seed_2,1
transfer/1.png,"[30,160,1220,370]",item_plant_grass_spc_1,1
transfer/1.png,"[30,160,1220,370]",item_plant_grass_spc_2,1
transfer/1.png,"[30,160,1220,370]",item_plant_moss_2,1
transfer/1.png,"[30,160,1220,370]",item_plant_moss_3,1
transfer/1.png,"[30,160,1220,370]",item_plant_moss_powder_2,1
transfer/1.png,"[30,160,1220,370]",item_plant_moss_seed_1,1
transfer/1.png,"[30,160,1220,370]",item_plant_moss_seed_3,1
transfer/1.png,"[30,160,1220,370]",item_plant_moss_spc_1,1
transfer/1.png,"[30,160,1220,370]",item_plant_moss_spc_2,1
transfer/1.png,"[30,160,1220,370]",item_plant_sp_2,1
transfer/1.png,"[30,160,1220,370]",item_plant_sp_3,1
transfer/1.png,"[30,160,1220,370]",item_plant_sp_4,1
transfer/1.png,"[30,160,1220,370]",item_plant_sp_seed_3,1
transfer/1.png,"[30,160,1220,370]",item_plant_sp_seed_4,1
transfer/1.png,"[30,160,1220,370]",item_plant_tundra_insect_1,1
transfer/1.png,"[30,160,1220,370]",item_plant_tundra_insect_2,1
transfer/1.png,"[30,160,1220,370]",item_plant_tundra_wood,1
transfer/1.png,"[30,160,1220,370]",item_port_dumper_1,1
transfer/1.png,"[30,160,1220,370]",item_proc_bomb_1,1
transfer/1.png,"[30,160,1220,370]",item_slimeml_1_agrange_1_moss_2_1,1
transfer/1.png,"[30,160,1220,370]",item_sp_1_moss_1_agmelee_1_1,1
transfer/10.png,"[30,160,1220,370]",item_corp4_grass2_1,1
transfer/10.png,"[30,160,1220,370]",item_device_xiranite_radar_1,1
transfer/10.png,"[30,160,1220,370]",item_drop_ethillu_1,1
transfer/10.png,"[30,160,1220,370]",item_drop_firebat_1,1
transfer/10.png,"[30,160,1220,370]",item_drop_hscrane_1,1
transfer/10.png,"[30,160,1220,370]",item_drop_hshog_1,1
transfer/10.png,"[30,160,1220,370]",item_drop_hsmino_1,1
transfer/10.png,"[30,160,1220,370]",item_drop_klbuds_1,1
transfer/10.png,"[30,160,1220,370]",item_drop_klcaps_1,1
transfer/10.png,"[30,160,1220,370]",item_drop_lbshamman_1,1
transfer/10.png,"[30,160,1220,370]",item_drop_lbtough_1,1
transfer/10.png,"[30,160,1220,370]",item_drop_mimicw_1,1
transfer/10.png,"[30,160,1220,370]",item_drop_sandb_1,1
transfer/10.png,"[30,160,1220,370]",item_drop_wgabyss_1,1
transfer/10.png,"[30,160,1220,370]",item_drop_wgshoal_1,1
transfer/10.png,"[30,160,1220,370]",item_hscrane_1_hsmob_1_grass_1_1,1
transfer/10.png,"[30,160,1220,370]",item_plant_crylplant_1_1,1
transfer/10.png,"[30,160,1220,370]",item_plant_crylplant_1_2,1
transfer/10.png,"[30,160,1220,370]",item_plant_crylplant_1_3,1
transfer/10.png,"[30,160,1220,370]",item_plant_crylplant_2_1,1
transfer/10.png,"[30,160,1220,370]",item_plant_crylplant_2_2,1
transfer/10.png,"[30,160,1220,370]",item_plant_crylplant_2_3,1
transfer/10.png,"[30,160,1220,370]",item_plant_mushroom_1_1,1
transfer/10.png,"[30,160,1220,370]",item_plant_mushroom_1_2,1
transfer/10.png,"[30,160,1220,370]",item_plant_mushroom_1_3,1
transfer/10.png,"[30,160,1220,370]",item_plant_mushroom_2_1,1
transfer/10.png,"[30,160,1220,370]",item_plant_mushroom_2_2,1
transfer/10.png,"[30,160,1220,370]",item_plant_sp_2,1
transfer/10.png,"[30,160,1220,370]",item_plant_sp_3,1
transfer/10.png,"[30,160,1220,370]",item_plant_sp_4,1
transfer/10.png,"[30,160,1220,370]",item_plant_spcstone_1_1,1
transfer/10.png,"[30,160,1220,370]",item_plant_spcstone_1_2,1
transfer/10.png,"[30,160,1220,370]",item_plant_spcstone_1_3,1
transfer/10.png,"[30,160,1220,370]",item_plant_spcstone_2_1,1
transfer/10.png,"[30,160,1220,370]",item_plant_spcstone_2_2,1
transfer/10.png,"[30,160,1220,370]",item_plant_spcstone_2_3,1
transfer/10.png,"[30,160,1220,370]",item_port_battle_cannon_2,1
transfer/10.png,"[30,160,1220,370]",item_port_battle_rocket_1,1
transfer/10.png,"[30,160,1220,370]",item_port_battle_turret_3,1
transfer/10.png,"[30,160,1220,370]",item_port_dumper_1,1
transfer/10.png,"[30,160,1220,370]",item_port_power_diffuser_1,1
transfer/10.png,"[30,160,1220,370]",item_port_power_diffuser_2,1
transfer/10.png,"[30,160,1220,370]",item_port_power_pole_3,1
transfer/10.png,"[30,160,1220,370]",item_port_travel_pole_2,1
transfer/10.png,"[30,160,1220,370]",item_port_udpipe_loader_1,1
transfer/10.png,"[30,160,1220,370]",item_proc_bomb_1,1
transfer/10.png,"[30,160,1220,370]",item_spaceship_cmpt_1,1
transfer/10.png,"[30,160,1220,370]",item_spaceship_cmpt_2,1
transfer/11.png,"[30,160,1220,370]",item_copper_ore,1
transfer/11.png,"[30,160,1220,370]",item_corp4_grass2_1,1
transfer/11.png,"[30,160,1220,370]",item_device_xiranite_radar_1,1
transfer/11.png,"[30,160,1220,370]",item_drop_agmelee_1,1
transfer/11.png,"[30,160,1220,370]",item_drop_erhound_1,1
transfer/11.png,"[30,160,1220,370]",item_drop_lbmob_1,1
transfer/11.png,"[30,160,1220,370]",item_filter_core,1
transfer/11.png,"[30,160,1220,370]",item_hscrane_1_hsmob_1_grass_1_1,1
transfer/11.png,"[30,160,1220,370]",item_iron_ore,1
transfer/11.png,"[30,160,1220,370]",item_originium_ore,1
transfer/11.png,"[30,160,1220,370]",item_plant_bbflower_1,1
transfer/11.png,"[30,160,1220,370]",item_plant_grass_1,1
transfer/11.png,"[30,160,1220,370]",item_plant_grass_2,1
transfer/11.png,"[30,160,1220,370]",item_plant_grass_seed_1,1
transfer/11.png,"[30,160,1220,370]",item_plant_grass_seed_2,1
transfer/11.png,"[30,160,1220,370]",item_plant_grass_spc_1,1
transfer/11.png,"[30,160,1220,370]",item_plant_grass_spc_2,1
transfer/11.png,"[30,160,1220,370]",item_plant_moss_1,1
transfer/11.png,"[30,160,1220,370]",item_plant_moss_2,1
transfer/11.png,"[30,160,1220,370]",item_plant_moss_3,1
transfer/11.png,"[30,160,1220,370]",item_plant_moss_seed_1,1
transfer/11.png,"[30,160,1220,370]",item_plant_moss_seed_3,1
transfer/11.png,"[30,160,1220,370]",item_plant_moss_spc_1,1
transfer/11.png,"[30,160,1220,370]",item_plant_moss_spc_2,1
transfer/11.png,"[30,160,1220,370]",item_plant_sp_2,2
transfer/11.png,"[30,160,1220,370]",item_plant_sp_3,2
transfer/11.png,"[30,160,1220,370]",item_plant_sp_4,2
transfer/11.png,"[30,160,1220,370]",item_plant_sp_seed_3,1
transfer/11.png,"[30,160,1220,370]",item_plant_sp_seed_4,1
transfer/11.png,"[30,160,1220,370]",item_plant_tundra_insect_1,1
transfer/11.png,"[30,160,1220,370]",item_plant_tundra_insect_2,1
transfer/11.png,"[30,160,1220,370]",item_plant_tundra_wood,1
transfer/11.png,"[30,160,1220,370]",item_port_battle_cannon_2,1
transfer/11.png,"[30,160,1220,370]",item_port_battle_rocket_1,1
transfer/11.png,"[30,160,1220,370]",item_port_battle_turret_3,1
transfer/11.png,"[30,160,1220,370]",item_port_dumper_1,1
transfer/11.png,"[30,160,1220,370]",item_port_power_diffuser_1,1
transfer/11.png,"[30,160,1220,370]",item_port_power_diffuser_2,1
transfer/11.png,"[30,160,1220,370]",item_port_power_pole_3,1
transfer/11.png,"[30,160,1220,370]",item_port_travel_pole_2,1
transfer/11.png,"[30,160,1220,370]",item_port_udpipe_loader_1,1
transfer/11.png,"[30,160,1220,370]",item_proc_bomb_1,1
transfer/11.png,"[30,160,1220,370]",item_quartz_sand,1
transfer/11.png,"[30,160,1220,370]",item_xiranite_enr_powder,1
transfer/11.png,"[30,160,1220,370]",item_xiranite_poly,1
transfer/12.png,"[30,160,1220,370]",item_corp4_grass2_1,1
transfer/12.png,"[30,160,1220,370]",item_device_xiranite_radar_1,1
transfer/12.png,"[30,160,1220,370]",item_drop_agdisk_1,1
transfer/12.png,"[30,160,1220,370]",item_drop_agfly_1,1
transfer/12.png,"[30,160,1220,370]",item_drop_dog_1,1
transfer/12.png,"[30,160,1220,370]",item_drop_ethillu_1,1
transfer/12.png,"[30,160,1220,370]",item_drop_firebat_1,1
transfer/12.png,"[30,160,1220,370]",item_drop_hsfly_1,1
transfer/12.png,"[30,160,1220,370]",item_drop_hshog_1,1
transfer/12.png,"[30,160,1220,370]",item_drop_hsmino_1,1
transfer/12.png,"[30,160,1220,370]",item_drop_hvybow_1,1
transfer/12.png,"[30,160,1220,370]",item_drop_lbroshan_1,1
transfer/12.png,"[30,160,1220,370]",item_drop_lbshamman_1,1
transfer/12.png,"[30,160,1220,370]",item_drop_lbshield_1,1
transfer/12.png,"[30,160,1220,370]",item_drop_lbtough_1,1
transfer/12.png,"[30,160,1220,370]",item_drop_mimicw_1,1
transfer/12.png,"[30,160,1220,370]",item_drop_sandb_1,1
transfer/12.png,"[30,160,1220,370]",item_drop_slimeml_1,1
transfer/12.png,"[30,160,1220,370]",item_drop_wgabyss_1,1
transfer/12.png,"[30,160,1220,370]",item_drop_wgshoal_1,1
transfer/12.png,"[30,160,1220,370]",item_drop_wgslime_1,1
transfer/12.png,"[30,160,1220,370]",item_drop_wgthorns_1,1
transfer/12.png,"[30,160,1220,370]",item_hscrane_1_hsmob_1_grass_1_1,1
transfer/12.png,"[30,160,1220,370]",item_plant_crylplant_1_1,1
transfer/12.png,"[30,160,1220,370]",item_plant_crylplant_1_2,1
transfer/12.png,"[30,160,1220,370]",item_plant_crylplant_2_1,1
transfer/12.png,"[30,160,1220,370]",item_plant_mushroom_1_1,1
transfer/12.png,"[30,160,1220,370]",item_plant_mushroom_1_3,1
transfer/12.png,"[30,160,1220,370]",item_plant_mushroom_2_1,1
transfer/12.png,"[30,160,1220,370]",item_plant_mushroom_2_2,1
transfer/12.png,"[30,160,1220,370]",item_plant_sp_2,1
transfer/12.png,"[30,160,1220,370]",item_plant_sp_3,1
transfer/12.png,"[30,160,1220,370]",item_plant_sp_4,1
transfer/12.png,"[30,160,1220,370]",item_plant_spcstone_1_1,1
transfer/12.png,"[30,160,1220,370]",item_plant_spcstone_1_2,1
transfer/12.png,"[30,160,1220,370]",item_plant_spcstone_2_2,1
transfer/12.png,"[30,160,1220,370]",item_port_battle_cannon_2,1
transfer/12.png,"[30,160,1220,370]",item_port_battle_rocket_1,1
transfer/12.png,"[30,160,1220,370]",item_port_battle_turret_3,1
transfer/12.png,"[30,160,1220,370]",item_port_dumper_1,1
transfer/12.png,"[30,160,1220,370]",item_port_power_diffuser_1,1
transfer/12.png,"[30,160,1220,370]",item_port_power_diffuser_2,1
transfer/12.png,"[30,160,1220,370]",item_port_power_pole_3,1
transfer/12.png,"[30,160,1220,370]",item_port_travel_pole_2,1
transfer/12.png,"[30,160,1220,370]",item_port_udpipe_loader_1,1
transfer/12.png,"[30,160,1220,370]",item_proc_bomb_1,1
transfer/12.png,"[30,160,1220,370]",item_spaceship_cmpt_1,1
transfer/12.png,"[30,160,1220,370]",item_spaceship_cmpt_2,1
transfer/13.png,"[30,160,1220,370]",item_corp4_grass2_1,1
transfer/13.png,"[30,160,1220,370]",item_crystal_enr,1
transfer/13.png,"[30,160,1220,370]",item_crystal_enr_powder,1
transfer/13.png,"[30,160,1220,370]",item_device_xiranite_radar_1,1
transfer/13.png,"[30,160,1220,370]",item_fbottle_iron_water,1
transfer/13.png,"[30,160,1220,370]",item_fbottle_iron_xiranite,1
transfer/13.png,"[30,160,1220,370]",item_fbottle_iron_xiranite_enr,1
transfer/13.png,"[30,160,1220,370]",item_glass_bottle,1
transfer/13.png,"[30,160,1220,370]",item_hscrane_1_hsmob_1_grass_1_1,1
transfer/13.png,"[30,160,1220,370]",item_iron_bottle,1
transfer/13.png,"[30,160,1220,370]",item_iron_enr,1
transfer/13.png,"[30,160,1220,370]",item_iron_enr_bottle,1
transfer/13.png,"[30,160,1220,370]",item_iron_enr_powder,1
transfer/13.png,"[30,160,1220,370]",item_iron_ore,1
transfer/13.png,"[30,160,1220,370]",item_originium_enr_powder,1
transfer/13.png,"[30,160,1220,370]",item_originium_ore,1
transfer/13.png,"[30,160,1220,370]",item_plant_bbflower_1,1
transfer/13.png,"[30,160,1220,370]",item_plant_bbflower_seed_1,1
transfer/13.png,"[30,160,1220,370]",item_plant_grass_1,1
transfer/13.png,"[30,160,1220,370]",item_plant_grass_spc_1,1
transfer/13.png,"[30,160,1220,370]",item_plant_grass_spc_2,1
transfer/13.png,"[30,160,1220,370]",item_plant_grass_spc_powder_2,1
transfer/13.png,"[30,160,1220,370]",item_plant_moss_1,1
transfer/13.png,"[30,160,1220,370]",item_plant_moss_2,1
transfer/13.png,"[30,160,1220,370]",item_plant_moss_3,1
transfer/13.png,"[30,160,1220,370]",item_plant_moss_enr_powder_1,1
transfer/13.png,"[30,160,1220,370]",item_plant_moss_seed_1,1
transfer/13.png,"[30,160,1220,370]",item_plant_moss_seed_3,1
transfer/13.png,"[30,160,1220,370]",item_plant_sp_1,1
transfer/13.png,"[30,160,1220,370]",item_plant_sp_2,2
transfer/13.png,"[30,160,1220,370]",item_plant_sp_3,2
transfer/13.png,"[30,160,1220,370]",item_plant_sp_4,1
transfer/13.png,"[30,160,1220,370]",item_port_battle_cannon_2,1
transfer/13.png,"[30,160,1220,370]",item_port_battle_rocket_1,1
transfer/13.png,"[30,160,1220,370]",item_port_battle_turret_3,1
transfer/13.png,"[30,160,1220,370]",item_port_dumper_1,1
transfer/13.png,"[30,160,1220,370]",item_port_power_diffuser_1,1
transfer/13.png,"[30,160,1220,370]",item_port_power_diffuser_2,1
transfer/13.png,"[30,160,1220,370]",item_port_power_pole_3,1
transfer/13.png,"[30,160,1220,370]",item_port_travel_pole_2,1
transfer/13.png,"[30,160,1220,370]",item_port_udpipe_loader_1,1
transfer/13.png,"[30,160,1220,370]",item_proc_bomb_1,1
transfer/13.png,"[30,160,1220,370]",item_quartz_enr_powder,1
transfer/13.png,"[30,160,1220,370]",item_quartz_sand,1
transfer/13.png,"[30,160,1220,370]",item_xiranite_powder,1
transfer/14.png,"[30,160,1220,370]",item_bottled_flower1spc_1,1
transfer/14.png,"[30,160,1220,370]",item_bottled_flower1spc_2,1
transfer/14.png,"[30,160,1220,370]",item_bottled_flower1spc_3,1
transfer/14.png,"[30,160,1220,370]",item_bottled_flower2spc_2,1
transfer/14.png,"[30,160,1220,370]",item_bottled_flower2spc_3,1
transfer/14.png,"[30,160,1220,370]",item_bottled_food_1,1
transfer/14.png,"[30,160,1220,370]",item_bottled_food_2,1
transfer/14.png,"[30,160,1220,370]",item_bottled_grass2spc_2,1
transfer/14.png,"[30,160,1220,370]",item_bottled_rec_hp_1,1
transfer/14.png,"[30,160,1220,370]",item_bottled_rec_hp_3,1
transfer/14.png,"[30,160,1220,370]",item_bottled_rec_hp_4,1
transfer/14.png,"[30,160,1220,370]",item_bottled_rec_hp_5,1
transfer/14.png,"[30,160,1220,370]",item_corp4_grass2_1,1
transfer/14.png,"[30,160,1220,370]",item_device_xiranite_radar_1,1
transfer/14.png,"[30,160,1220,370]",item_hscrane_1_hsmob_1_grass_1_1,1
transfer/14.png,"[30,160,1220,370]",item_plant_sp_2,1
transfer/14.png,"[30,160,1220,370]",item_plant_sp_3,1
transfer/14.png,"[30,160,1220,370]",item_plant_sp_4,1
transfer/14.png,"[30,160,1220,370]",item_port_battle_cannon_2,1
transfer/14.png,"[30,160,1220,370]",item_port_battle_fog_1,1
transfer/14.png,"[30,160,1220,370]",item_port_battle_laser_1,1
transfer/14.png,"[30,160,1220,370]",item_port_battle_lightning_1,1
transfer/14.png,"[30,160,1220,370]",item_port_battle_medic_1,1
transfer/14.png,"[30,160,1220,370]",item_port_battle_rocket_1,1
transfer/14.png,"[30,160,1220,370]",item_port_battle_sniper_1,1
transfer/14.png,"[30,160,1220,370]",item_port_battle_turret_2,1
transfer/14.png,"[30,160,1220,370]",item_port_battle_turret_3,1
transfer/14.png,"[30,160,1220,370]",item_port_carrier_1,1
transfer/14.png,"[30,160,1220,370]",item_port_dumper_1,2
transfer/14.png,"[30,160,1220,370]",item_port_liquid_storager_1,1
transfer/14.png,"[30,160,1220,370]",item_port_miner_1,1
transfer/14.png,"[30,160,1220,370]",item_port_miner_2,1
transfer/14.png,"[30,160,1220,370]",item_port_power_diffuser_1,2
transfer/14.png,"[30,160,1220,370]",item_port_power_diffuser_2,2
transfer/14.png,"[30,160,1220,370]",item_port_power_pole_2,1
transfer/14.png,"[30,160,1220,370]",item_port_power_pole_3,2
transfer/14.png,"[30,160,1220,370]",item_port_power_sta_1,1
transfer/14.png,"[30,160,1220,370]",item_port_pump_1,1
transfer/14.png,"[30,160,1220,370]",item_port_shaper_1,1
transfer/14.png,"[30,160,1220,370]",item_port_travel_pole_1,1
transfer/14.png,"[30,160,1220,370]",item_port_travel_pole_2,2
transfer/14.png,"[30,160,1220,370]",item_port_udpipe_loader_1,1
transfer/14.png,"[30,160,1220,370]",item_proc_bomb_1,1
transfer/15.png,"[30,160,1220,370]",item_bottled_flower2spc_3,1
transfer/15.png,"[30,160,1220,370]",item_bottled_insec1_2,1
transfer/15.png,"[30,160,1220,370]",item_bottled_rec_hp_1,1
transfer/15.png,"[30,160,1220,370]",item_bottled_rec_hp_5,4
transfer/15.png,"[30,160,1220,370]",item_corp3_grass1_1,1
transfer/15.png,"[30,160,1220,370]",item_corp4_grass2_1,1
transfer/15.png,"[30,160,1220,370]",item_device_balloon_recycle_3,1
transfer/15.png,"[30,160,1220,370]",item_device_xiranite_nexus_3,1
transfer/15.png,"[30,160,1220,370]",item_device_xiranite_radar_1,1
transfer/15.png,"[30,160,1220,370]",item_drop_agdisk_1,1
transfer/15.png,"[30,160,1220,370]",item_drop_agfly_1,1
transfer/15.png,"[30,160,1220,370]",item_drop_dog_1,1
transfer/15.png,"[30,160,1220,370]",item_drop_ethillu_1,1
transfer/15.png,"[30,160,1220,370]",item_drop_firebat_1,1
transfer/15.png,"[30,160,1220,370]",item_drop_hsfly_1,1
transfer/15.png,"[30,160,1220,370]",item_drop_hshog_1,1
transfer/15.png,"[30,160,1220,370]",item_drop_hsmino_1,1
transfer/15.png,"[30,160,1220,370]",item_drop_hvybow_1,1
transfer/15.png,"[30,160,1220,370]",item_drop_lbroshan_1,1
transfer/15.png,"[30,160,1220,370]",item_drop_lbshamman_1,1
transfer/15.png,"[30,160,1220,370]",item_drop_lbshield_1,1
transfer/15.png,"[30,160,1220,370]",item_drop_lbtough_1,1
transfer/15.png,"[30,160,1220,370]",item_drop_mimicw_1,1
transfer/15.png,"[30,160,1220,370]",item_drop_sandb_1,1
transfer/15.png,"[30,160,1220,370]",item_drop_slimeml_1,1
transfer/15.png,"[30,160,1220,370]",item_drop_wgabyss_1,1
transfer/15.png,"[30,160,1220,370]",item_drop_wgshoal_1,1
transfer/15.png,"[30,160,1220,370]",item_drop_wgslime_1,1
transfer/15.png,"[30,160,1220,370]",item_drop_wgthorns_1,1
transfer/15.png,"[30,160,1220,370]",item_ethillu_1_wgslime_1_wgthorns_1_1,1
transfer/15.png,"[30,160,1220,370]",item_hscrane_1_hsmob_1_grass_1_1,1
transfer/15.png,"[30,160,1220,370]",item_lbshield_1_slimeml_1_dog_1_1,1
transfer/15.png,"[30,160,1220,370]",item_plant_crylplant_1_1,1
transfer/15.png,"[30,160,1220,370]",item_plant_crylplant_1_2,1
transfer/15.png,"[30,160,1220,370]",item_plant_crylplant_2_1,1
transfer/15.png,"[30,160,1220,370]",item_plant_moss_powder_2,1
transfer/15.png,"[30,160,1220,370]",item_plant_mushroom_1_1,1
transfer/15.png,"[30,160,1220,370]",item_plant_mushroom_1_3,1
transfer/15.png,"[30,160,1220,370]",item_plant_mushroom_2_1,1
transfer/15.png,"[30,160,1220,370]",item_plant_mushroom_2_2,1
transfer/15.png,"[30,160,1220,370]",item_plant_spcstone_1_1,1
transfer/15.png,"[30,160,1220,370]",item_plant_spcstone_1_2,1
transfer/15.png,"[30,160,1220,370]",item_plant_spcstone_2_2,1
transfer/15.png,"[30,160,1220,370]",item_port_dumper_1,1
transfer/15.png,"[30,160,1220,370]",item_proc_bomb_1,1
transfer/15.png,"[30,160,1220,370]",item_slimeml_1_agrange_1_moss_2_1,1
transfer/15.png,"[30,160,1220,370]",item_sp_1_moss_1_agmelee_1_1,1
transfer/15.png,"[30,160,1220,370]",item_spaceship_cmpt_1,1
transfer/15.png,"[30,160,1220,370]",item_spaceship_cmpt_2,1
transfer/16.png,"[30,160,1220,370]",item_bottled_flower2spc_3,1
transfer/16.png,"[30,160,1220,370]",item_bottled_insec1_2,1
transfer/16.png,"[30,160,1220,370]",item_bottled_rec_hp_1,1
transfer/16.png,"[30,160,1220,370]",item_bottled_rec_hp_5,4
transfer/16.png,"[30,160,1220,370]",item_corp3_grass1_1,1
transfer/16.png,"[30,160,1220,370]",item_corp4_grass2_1,1
transfer/16.png,"[30,160,1220,370]",item_crystal_enr,1
transfer/16.png,"[30,160,1220,370]",item_crystal_enr_powder,1
transfer/16.png,"[30,160,1220,370]",item_device_balloon_recycle_3,1
transfer/16.png,"[30,160,1220,370]",item_device_xiranite_nexus_3,1
transfer/16.png,"[30,160,1220,370]",item_device_xiranite_radar_1,1
transfer/16.png,"[30,160,1220,370]",item_ethillu_1_wgslime_1_wgthorns_1_1,1
transfer/16.png,"[30,160,1220,370]",item_fbottle_iron_water,1
transfer/16.png,"[30,160,1220,370]",item_fbottle_iron_xiranite,1
transfer/16.png,"[30,160,1220,370]",item_fbottle_iron_xiranite_enr,1
transfer/16.png,"[30,160,1220,370]",item_glass_bottle,1
transfer/16.png,"[30,160,1220,370]",item_hscrane_1_hsmob_1_grass_1_1,1
transfer/16.png,"[30,160,1220,370]",item_iron_bottle,1
transfer/16.png,"[30,160,1220,370]",item_iron_enr,1
transfer/16.png,"[30,160,1220,370]",item_iron_enr_bottle,1
transfer/16.png,"[30,160,1220,370]",item_iron_enr_powder,1
transfer/16.png,"[30,160,1220,370]",item_iron_ore,1
transfer/16.png,"[30,160,1220,370]",item_iron_powder,1
transfer/16.png,"[30,160,1220,370]",item_lbshield_1_slimeml_1_dog_1_1,1
transfer/16.png,"[30,160,1220,370]",item_originium_enr_powder,1
transfer/16.png,"[30,160,1220,370]",item_originium_ore,1
transfer/16.png,"[30,160,1220,370]",item_plant_bbflower_powder_1,1
transfer/16.png,"[30,160,1220,370]",item_plant_grass_powder_2,1
transfer/16.png,"[30,160,1220,370]",item_plant_grass_spc_powder_1,1
transfer/16.png,"[30,160,1220,370]",item_plant_grass_spc_powder_2,1
transfer/16.png,"[30,160,1220,370]",item_plant_moss_1,1
transfer/16.png,"[30,160,1220,370]",item_plant_moss_2,1
transfer/16.png,"[30,160,1220,370]",item_plant_moss_3,1
transfer/16.png,"[30,160,1220,370]",item_plant_moss_enr_powder_1,1
transfer/16.png,"[30,160,1220,370]",item_plant_moss_powder_1,1
transfer/16.png,"[30,160,1220,370]",item_plant_moss_powder_2,2
transfer/16.png,"[30,160,1220,370]",item_plant_moss_powder_3,1
transfer/16.png,"[30,160,1220,370]",item_plant_moss_seed_1,1
transfer/16.png,"[30,160,1220,370]",item_plant_moss_seed_3,1
transfer/16.png,"[30,160,1220,370]",item_plant_moss_spc_powder_1,1
transfer/16.png,"[30,160,1220,370]",item_port_dumper_1,1
transfer/16.png,"[30,160,1220,370]",item_proc_bomb_1,1
transfer/16.png,"[30,160,1220,370]",item_quartz_enr,1
transfer/16.png,"[30,160,1220,370]",item_quartz_enr_powder,1
transfer/16.png,"[30,160,1220,370]",item_quartz_sand,1
transfer/16.png,"[30,160,1220,370]",item_slimeml_1_agrange_1_moss_2_1,1
transfer/16.png,"[30,160,1220,370]",item_sp_1_moss_1_agmelee_1_1,1
transfer/16.png,"[30,160,1220,370]",item_xiranite_powder,1
transfer/17.png,"[30,160,1220,370]",item_bottled_flower1spc_1,1
transfer/17.png,"[30,160,1220,370]",item_bottled_flower1spc_2,1
transfer/17.png,"[30,160,1220,370]",item_bottled_flower1spc_3,1
transfer/17.png,"[30,160,1220,370]",item_bottled_flower2spc_2,1
transfer/17.png,"[30,160,1220,370]",item_bottled_flower2spc_3,1
transfer/17.png,"[30,160,1220,370]",item_bottled_food_1,1
transfer/17.png,"[30,160,1220,370]",item_bottled_food_2,1
transfer/17.png,"[30,160,1220,370]",item_bottled_grass2spc_2,1
transfer/17.png,"[30,160,1220,370]",item_bottled_rec_hp_1,1
transfer/17.png,"[30,160,1220,370]",item_bottled_rec_hp_3,1
transfer/17.png,"[30,160,1220,370]",item_bottled_rec_hp_4,1
transfer/17.png,"[30,160,1220,370]",item_bottled_rec_hp_5,1
transfer/17.png,"[30,160,1220,370]",item_corp4_grass2_1,1
transfer/17.png,"[30,160,1220,370]",item_device_xiranite_radar_1,1
transfer/17.png,"[30,160,1220,370]",item_hscrane_1_hsmob_1_grass_1_1,1
transfer/17.png,"[30,160,1220,370]",item_plant_sp_2,1
transfer/17.png,"[30,160,1220,370]",item_plant_sp_3,1
transfer/17.png,"[30,160,1220,370]",item_plant_sp_4,1
transfer/17.png,"[30,160,1220,370]",item_port_battle_cannon_2,1
transfer/17.png,"[30,160,1220,370]",item_port_battle_fog_1,1
transfer/17.png,"[30,160,1220,370]",item_port_battle_laser_1,1
transfer/17.png,"[30,160,1220,370]",item_port_battle_lightning_1,1
transfer/17.png,"[30,160,1220,370]",item_port_battle_medic_1,1
transfer/17.png,"[30,160,1220,370]",item_port_battle_rocket_1,1
transfer/17.png,"[30,160,1220,370]",item_port_battle_sniper_1,1
transfer/17.png,"[30,160,1220,370]",item_port_battle_turret_2,1
transfer/17.png,"[30,160,1220,370]",item_port_battle_turret_3,1
transfer/17.png,"[30,160,1220,370]",item_port_carrier_1,1
transfer/17.png,"[30,160,1220,370]",item_port_dumper_1,2
transfer/17.png,"[30,160,1220,370]",item_port_liquid_storager_1,1
transfer/17.png,"[30,160,1220,370]",item_port_miner_1,1
transfer/17.png,"[30,160,1220,370]",item_port_miner_2,1
transfer/17.png,"[30,160,1220,370]",item_port_power_diffuser_1,2
transfer/17.png,"[30,160,1220,370]",item_port_power_diffuser_2,2
transfer/17.png,"[30,160,1220,370]",item_port_power_pole_2,1
transfer/17.png,"[30,160,1220,370]",item_port_power_pole_3,2
transfer/17.png,"[30,160,1220,370]",item_port_power_sta_1,1
transfer/17.png,"[30,160,1220,370]",item_port_pump_1,1
transfer/17.png,"[30,160,1220,370]",item_port_shaper_1,1
transfer/17.png,"[30,160,1220,370]",item_port_travel_pole_1,1
transfer/17.png,"[30,160,1220,370]",item_port_travel_pole_2,2
transfer/17.png,"[30,160,1220,370]",item_port_udpipe_loader_1,1
transfer/17.png,"[30,160,1220,370]",item_proc_bomb_1,1
transfer/18.png,"[30,160,1220,370]",item_bottled_flower2spc_3,1
transfer/18.png,"[30,160,1220,370]",item_bottled_insec1_2,1
transfer/18.png,"[30,160,1220,370]",item_bottled_rec_hp_1,1
transfer/18.png,"[30,160,1220,370]",item_bottled_rec_hp_5,4
transfer/18.png,"[30,160,1220,370]",item_corp3_grass1_1,1
transfer/18.png,"[30,160,1220,370]",item_corp4_grass2_1,1
transfer/18.png,"[30,160,1220,370]",item_device_balloon_recycle_3,1
transfer/18.png,"[30,160,1220,370]",item_device_xiranite_nexus_3,1
transfer/18.png,"[30,160,1220,370]",item_device_xiranite_radar_1,1
transfer/18.png,"[30,160,1220,370]",item_drop_agdisk_1,1
transfer/18.png,"[30,160,1220,370]",item_drop_agfly_1,1
transfer/18.png,"[30,160,1220,370]",item_drop_dog_1,1
transfer/18.png,"[30,160,1220,370]",item_drop_ethillu_1,1
transfer/18.png,"[30,160,1220,370]",item_drop_firebat_1,1
transfer/18.png,"[30,160,1220,370]",item_drop_hsfly_1,1
transfer/18.png,"[30,160,1220,370]",item_drop_hshog_1,1
transfer/18.png,"[30,160,1220,370]",item_drop_hsmino_1,1
transfer/18.png,"[30,160,1220,370]",item_drop_hvybow_1,1
transfer/18.png,"[30,160,1220,370]",item_drop_lbroshan_1,1
transfer/18.png,"[30,160,1220,370]",item_drop_lbshamman_1,1
transfer/18.png,"[30,160,1220,370]",item_drop_lbshield_1,1
transfer/18.png,"[30,160,1220,370]",item_drop_lbtough_1,1
transfer/18.png,"[30,160,1220,370]",item_drop_mimicw_1,1
transfer/18.png,"[30,160,1220,370]",item_drop_sandb_1,1
transfer/18.png,"[30,160,1220,370]",item_drop_slimeml_1,1
transfer/18.png,"[30,160,1220,370]",item_drop_wgabyss_1,1
transfer/18.png,"[30,160,1220,370]",item_drop_wgshoal_1,1
transfer/18.png,"[30,160,1220,370]",item_drop_wgslime_1,1
transfer/18.png,"[30,160,1220,370]",item_drop_wgthorns_1,1
transfer/18.png,"[30,160,1220,370]",item_ethillu_1_wgslime_1_wgthorns_1_1,1
transfer/18.png,"[30,160,1220,370]",item_hscrane_1_hsmob_1_grass_1_1,1
transfer/18.png,"[30,160,1220,370]",item_lbshield_1_slimeml_1_dog_1_1,1
transfer/18.png,"[30,160,1220,370]",item_plant_crylplant_1_1,1
transfer/18.png,"[30,160,1220,370]",item_plant_crylplant_1_2,1
transfer/18.png,"[30,160,1220,370]",item_plant_crylplant_2_1,1
transfer/18.png,"[30,160,1220,370]",item_plant_moss_powder_2,1
transfer/18.png,"[30,160,1220,370]",item_plant_mushroom_1_1,1
transfer/18.png,"[30,160,1220,370]",item_plant_mushroom_1_3,1
transfer/18.png,"[30,160,1220,370]",item_plant_mushroom_2_1,1
transfer/18.png,"[30,160,1220,370]",item_plant_mushroom_2_2,1
transfer/18.png,"[30,160,1220,370]",item_plant_spcstone_1_1,1
transfer/18.png,"[30,160,1220,370]",item_plant_spcstone_1_2,1
transfer/18.png,"[30,160,1220,370]",item_plant_spcstone_2_2,1
transfer/18.png,"[30,160,1220,370]",item_port_dumper_1,1
transfer/18.png,"[30,160,1220,370]",item_proc_bomb_1,1
transfer/18.png,"[30,160,1220,370]",item_slimeml_1_agrange_1_moss_2_1,1
transfer/18.png,"[30,160,1220,370]",item_sp_1_moss_1_agmelee_1_1,1
transfer/18.png,"[30,160,1220,370]",item_spaceship_cmpt_1,1
transfer/18.png,"[30,160,1220,370]",item_spaceship_cmpt_2,1
transfer/19.png,"[30,160,1220,370]",item_bottled_flower2spc_3,1
transfer/19.png,"[30,160,1220,370]",item_bottled_insec1_2,1
transfer/19.png,"[30,160,1220,370]",item_bottled_rec_hp_1,1
transfer/19.png,"[30,160,1220,370]",item_bottled_rec_hp_5,4
transfer/19.png,"[30,160,1220,370]",item_corp3_grass1_1,1
transfer/19.png,"[30,160,1220,370]",item_corp4_grass2_1,1
transfer/19.png,"[30,160,1220,370]",item_device_balloon_recycle_3,1
transfer/19.png,"[30,160,1220,370]",item_device_xiranite_nexus_3,1
transfer/19.png,"[30,160,1220,370]",item_device_xiranite_radar_1,1
transfer/19.png,"[30,160,1220,370]",item_drop_agdisk_1,1
transfer/19.png,"[30,160,1220,370]",item_drop_agfly_1,1
transfer/19.png,"[30,160,1220,370]",item_drop_agmelee_1,1
transfer/19.png,"[30,160,1220,370]",item_drop_agrange_1,1
transfer/19.png,"[30,160,1220,370]",item_drop_dog_1,1
transfer/19.png,"[30,160,1220,370]",item_drop_erhound_1,1
transfer/19.png,"[30,160,1220,370]",item_drop_ethillu_1,1
transfer/19.png,"[30,160,1220,370]",item_drop_firebat_1,1
transfer/19.png,"[30,160,1220,370]",item_drop_hsfly_1,1
transfer/19.png,"[30,160,1220,370]",item_drop_hshog_1,1
transfer/19.png,"[30,160,1220,370]",item_drop_hvybow_1,1
transfer/19.png,"[30,160,1220,370]",item_drop_lbmob_1,1
transfer/19.png,"[30,160,1220,370]",item_drop_lbshamman_1,1
transfer/19.png,"[30,160,1220,370]",item_drop_lbshield_1,1
transfer/19.png,"[30,160,1220,370]",item_drop_lbtough_1,1
transfer/19.png,"[30,160,1220,370]",item_drop_mimicw_1,1
transfer/19.png,"[30,160,1220,370]",item_drop_slimeml_1,1
transfer/19.png,"[30,160,1220,370]",item_drop_wgshoal_1,1
transfer/19.png,"[30,160,1220,370]",item_drop_wgslime_1,1
transfer/19.png,"[30,160,1220,370]",item_drop_wgthorns_1,1
transfer/19.png,"[30,160,1220,370]",item_ethillu_1_wgslime_1_wgthorns_1_1,1
transfer/19.png,"[30,160,1220,370]",item_hscrane_1_hsmob_1_grass_1_1,1
transfer/19.png,"[30,160,1220,370]",item_lbshield_1_slimeml_1_dog_1_1,1
transfer/19.png,"[30,160,1220,370]",item_plant_bbflower_1,1
transfer/19.png,"[30,160,1220,370]",item_plant_bbflower_seed_1,1
transfer/19.png,"[30,160,1220,370]",item_plant_grass_1,1
transfer/19.png,"[30,160,1220,370]",item_plant_grass_spc_1,1
transfer/19.png,"[30,160,1220,370]",item_plant_grass_spc_2,1
transfer/19.png,"[30,160,1220,370]",item_plant_moss_powder_2,1
transfer/19.png,"[30,160,1220,370]",item_plant_sp_1,1
transfer/19.png,"[30,160,1220,370]",item_plant_sp_2,1
transfer/19.png,"[30,160,1220,370]",item_plant_sp_3,1
transfer/19.png,"[30,160,1220,370]",item_plant_sp_4,1
transfer/19.png,"[30,160,1220,370]",item_plant_tundra_insect_1,1
transfer/19.png,"[30,160,1220,370]",item_plant_tundra_insect_2,1
transfer/19.png,"[30,160,1220,370]",item_plant_tundra_wood,1
transfer/19.png,"[30,160,1220,370]",item_port_dumper_1,1
transfer/19.png,"[30,160,1220,370]",item_proc_bomb_1,1
transfer/19.png,"[30,160,1220,370]",item_slimeml_1_agrange_1_moss_2_1,1
transfer/19.png,"[30,160,1220,370]",item_sp_1_moss_1_agmelee_1_1,1
transfer/2.png,"[30,160,1220,370]",item_bottled_flower2spc_3,1
transfer/2.png,"[30,160,1220,370]",item_bottled_insec1_2,1
transfer/2.png,"[30,160,1220,370]",item_bottled_rec_hp_1,1
transfer/2.png,"[30,160,1220,370]",item_bottled_rec_hp_5,4
transfer/2.png,"[30,160,1220,370]",item_carbon_enr,1
transfer/2.png,"[30,160,1220,370]",item_carbon_enr_powder,1
transfer/2.png,"[30,160,1220,370]",item_copper_bottle,1
transfer/2.png,"[30,160,1220,370]",item_copper_enr,1
transfer/2.png,"[30,160,1220,370]",item_copper_jar,1
transfer/2.png,"[30,160,1220,370]",item_copper_ore,1
transfer/2.png,"[30,160,1220,370]",item_corp3_grass1_1,1
transfer/2.png,"[30,160,1220,370]",item_corp4_grass2_1,1
transfer/2.png,"[30,160,1220,370]",item_crystal_enr,1
transfer/2.png,"[30,160,1220,370]",item_crystal_enr_powder,1
transfer/2.png,"[30,160,1220,370]",item_device_balloon_recycle_3,1
transfer/2.png,"[30,160,1220,370]",item_device_xiranite_nexus_3,1
transfer/2.png,"[30,160,1220,370]",item_device_xiranite_radar_1,1
transfer/2.png,"[30,160,1220,370]",item_ethillu_1_wgslime_1_wgthorns_1_1,1
transfer/2.png,"[30,160,1220,370]",item_fbottle_copper_grass_1,1
transfer/2.png,"[30,160,1220,370]",item_fbottle_copper_grass_2,1
transfer/2.png,"[30,160,1220,370]",item_fbottle_iron_grass_1,1
transfer/2.png,"[30,160,1220,370]",item_fbottle_iron_water,1
transfer/2.png,"[30,160,1220,370]",item_fbottle_iron_xiranite,1
transfer/2.png,"[30,160,1220,370]",item_fbottle_iron_xiranite_enr,1
transfer/2.png,"[30,160,1220,370]",item_filter_core,1
transfer/2.png,"[30,160,1220,370]",item_gasjar_copper_gas_inert,1
transfer/2.png,"[30,160,1220,370]",item_hscrane_1_hsmob_1_grass_1_1,1
transfer/2.png,"[30,160,1220,370]",item_iron_bottle,1
transfer/2.png,"[30,160,1220,370]",item_iron_enr,1
transfer/2.png,"[30,160,1220,370]",item_iron_enr_powder,1
transfer/2.png,"[30,160,1220,370]",item_iron_ore,1
transfer/2.png,"[30,160,1220,370]",item_lbshield_1_slimeml_1_dog_1_1,1
transfer/2.png,"[30,160,1220,370]",item_originium_enr_powder,1
transfer/2.png,"[30,160,1220,370]",item_originium_ore,1
transfer/2.png,"[30,160,1220,370]",item_plant_grass_powder_1,1
transfer/2.png,"[30,160,1220,370]",item_plant_grass_powder_2,1
transfer/2.png,"[30,160,1220,370]",item_plant_grass_spc_powder_1,1
transfer/2.png,"[30,160,1220,370]",item_plant_grass_spc_powder_2,1
transfer/2.png,"[30,160,1220,370]",item_plant_moss_1,1
transfer/2.png,"[30,160,1220,370]",item_plant_moss_powder_2,1
transfer/2.png,"[30,160,1220,370]",item_plant_moss_powder_3,1
transfer/2.png,"[30,160,1220,370]",item_port_dumper_1,1
transfer/2.png,"[30,160,1220,370]",item_proc_bomb_1,1
transfer/2.png,"[30,160,1220,370]",item_quartz_sand,1
transfer/2.png,"[30,160,1220,370]",item_slimeml_1_agrange_1_moss_2_1,1
transfer/2.png,"[30,160,1220,370]",item_sp_1_moss_1_agmelee_1_1,1
transfer/2.png,"[30,160,1220,370]",item_xiranite_enr_powder,1
transfer/2.png,"[30,160,1220,370]",item_xiranite_poly,1
transfer/2.png,"[30,160,1220,370]",item_xiranite_powder,1
transfer/20.png,"[30,160,1220,370]",item_corp4_grass2_1,1
transfer/20.png,"[30,160,1220,370]",item_device_xiranite_radar_1,1
transfer/20.png,"[30,160,1220,370]",item_drop_agdisk_1,1
transfer/20.png,"[30,160,1220,370]",item_drop_agfly_1,1
transfer/20.png,"[30,160,1220,370]",item_drop_agmelee_1,1
transfer/20.png,"[30,160,1220,370]",item_drop_agrange_1,1
transfer/20.png,"[30,160,1220,370]",item_drop_dog_1,1
transfer/20.png,"[30,160,1220,370]",item_drop_erhound_1,1
transfer/20.png,"[30,160,1220,370]",item_drop_ethillu_1,1
transfer/20.png,"[30,160,1220,370]",item_drop_firebat_1,1
transfer/20.png,"[30,160,1220,370]",item_drop_hsfly_1,1
transfer/20.png,"[30,160,1220,370]",item_drop_hshog_1,1
transfer/20.png,"[30,160,1220,370]",item_drop_hvybow_1,1
transfer/20.png,"[30,160,1220,370]",item_drop_lbmob_1,1
transfer/20.png,"[30,160,1220,370]",item_drop_lbshamman_1,1
transfer/20.png,"[30,160,1220,370]",item_drop_lbshield_1,1
transfer/20.png,"[30,160,1220,370]",item_drop_lbtough_1,1
transfer/20.png,"[30,160,1220,370]",item_drop_mimicw_1,1
transfer/20.png,"[30,160,1220,370]",item_drop_slimeml_1,1
transfer/20.png,"[30,160,1220,370]",item_drop_wgshoal_1,1
transfer/20.png,"[30,160,1220,370]",item_drop_wgslime_1,1
transfer/20.png,"[30,160,1220,370]",item_drop_wgthorns_1,1
transfer/20.png,"[30,160,1220,370]",item_hscrane_1_hsmob_1_grass_1_1,1
transfer/20.png,"[30,160,1220,370]",item_plant_bbflower_1,1
transfer/20.png,"[30,160,1220,370]",item_plant_bbflower_seed_1,1
transfer/20.png,"[30,160,1220,370]",item_plant_grass_1,1
transfer/20.png,"[30,160,1220,370]",item_plant_grass_spc_1,1
transfer/20.png,"[30,160,1220,370]",item_plant_grass_spc_2,1
transfer/20.png,"[30,160,1220,370]",item_plant_sp_1,1
transfer/20.png,"[30,160,1220,370]",item_plant_sp_2,2
transfer/20.png,"[30,160,1220,370]",item_plant_sp_3,2
transfer/20.png,"[30,160,1220,370]",item_plant_sp_4,2
transfer/20.png,"[30,160,1220,370]",item_plant_tundra_insect_1,1
transfer/20.png,"[30,160,1220,370]",item_plant_tundra_insect_2,1
transfer/20.png,"[30,160,1220,370]",item_plant_tundra_wood,1
transfer/20.png,"[30,160,1220,370]",item_port_battle_cannon_2,1
transfer/20.png,"[30,160,1220,370]",item_port_battle_rocket_1,1
transfer/20.png,"[30,160,1220,370]",item_port_battle_turret_3,1
transfer/20.png,"[30,160,1220,370]",item_port_dumper_1,1
transfer/20.png,"[30,160,1220,370]",item_port_power_diffuser_1,1
transfer/20.png,"[30,160,1220,370]",item_port_power_diffuser_2,1
transfer/20.png,"[30,160,1220,370]",item_port_power_pole_3,1
transfer/20.png,"[30,160,1220,370]",item_port_travel_pole_2,1
transfer/20.png,"[30,160,1220,370]",item_port_udpipe_loader_1,1
transfer/20.png,"[30,160,1220,370]",item_proc_bomb_1,1
transfer/21.png,"[30,160,1220,370]",item_bottled_flower2spc_3,1
transfer/21.png,"[30,160,1220,370]",item_bottled_insec1_2,1
transfer/21.png,"[30,160,1220,370]",item_bottled_rec_hp_1,1
transfer/21.png,"[30,160,1220,370]",item_bottled_rec_hp_5,4
transfer/21.png,"[30,160,1220,370]",item_corp3_grass1_1,1
transfer/21.png,"[30,160,1220,370]",item_corp4_grass2_1,1
transfer/21.png,"[30,160,1220,370]",item_device_balloon_recycle_3,1
transfer/21.png,"[30,160,1220,370]",item_device_xiranite_nexus_3,1
transfer/21.png,"[30,160,1220,370]",item_device_xiranite_radar_1,1
transfer/21.png,"[30,160,1220,370]",item_drop_ethillu_1,1
transfer/21.png,"[30,160,1220,370]",item_drop_firebat_1,1
transfer/21.png,"[30,160,1220,370]",item_drop_hscrane_1,1
transfer/21.png,"[30,160,1220,370]",item_drop_hshog_1,1
transfer/21.png,"[30,160,1220,370]",item_drop_hsmino_1,1
transfer/21.png,"[30,160,1220,370]",item_drop_klbuds_1,1
transfer/21.png,"[30,160,1220,370]",item_drop_klcaps_1,1
transfer/21.png,"[30,160,1220,370]",item_drop_lbshamman_1,1
transfer/21.png,"[30,160,1220,370]",item_drop_lbtough_1,1
transfer/21.png,"[30,160,1220,370]",item_drop_mimicw_1,1
transfer/21.png,"[30,160,1220,370]",item_drop_sandb_1,1
transfer/21.png,"[30,160,1220,370]",item_drop_wgabyss_1,1
transfer/21.png,"[30,160,1220,370]",item_drop_wgshoal_1,1
transfer/21.png,"[30,160,1220,370]",item_ethillu_1_wgslime_1_wgthorns_1_1,1
transfer/21.png,"[30,160,1220,370]",item_hscrane_1_hsmob_1_grass_1_1,1
transfer/21.png,"[30,160,1220,370]",item_lbshield_1_slimeml_1_dog_1_1,1
transfer/21.png,"[30,160,1220,370]",item_plant_crylplant_1_1,1
transfer/21.png,"[30,160,1220,370]",item_plant_crylplant_1_2,1
transfer/21.png,"[30,160,1220,370]",item_plant_crylplant_1_3,1
transfer/21.png,"[30,160,1220,370]",item_plant_crylplant_2_1,1
transfer/21.png,"[30,160,1220,370]",item_plant_crylplant_2_2,1
transfer/21.png,"[30,160,1220,370]",item_plant_crylplant_2_3,1
transfer/21.png,"[30,160,1220,370]",item_plant_moss_powder_2,1
transfer/21.png,"[30,160,1220,370]",item_plant_mushroom_1_1,1
transfer/21.png,"[30,160,1220,370]",item_plant_mushroom_1_2,1
transfer/21.png,"[30,160,1220,370]",item_plant_mushroom_1_3,1
transfer/21.png,"[30,160,1220,370]",item_plant_mushroom_2_1,1
transfer/21.png,"[30,160,1220,370]",item_plant_mushroom_2_2,1
transfer/21.png,"[30,160,1220,370]",item_plant_spcstone_1_1,1
transfer/21.png,"[30,160,1220,370]",item_plant_spcstone_1_2,1
transfer/21.png,"[30,160,1220,370]",item_plant_spcstone_1_3,1
transfer/21.png,"[30,160,1220,370]",item_plant_spcstone_2_1,1
transfer/21.png,"[30,160,1220,370]",item_plant_spcstone_2_2,1
transfer/21.png,"[30,160,1220,370]",item_plant_spcstone_2_3,1
transfer/21.png,"[30,160,1220,370]",item_port_dumper_1,1
transfer/21.png,"[30,160,1220,370]",item_proc_bomb_1,1
transfer/21.png,"[30,160,1220,370]",item_slimeml_1_agrange_1_moss_2_1,1
transfer/21.png,"[30,160,1220,370]",item_sp_1_moss_1_agmelee_1_1,1
transfer/21.png,"[30,160,1220,370]",item_spaceship_cmpt_1,1
transfer/21.png,"[30,160,1220,370]",item_spaceship_cmpt_2,1
transfer/3.png,"[30,160,1220,370]",item_bottled_flower2spc_3,1
transfer/3.png,"[30,160,1220,370]",item_bottled_insec1_2,1
transfer/3.png,"[30,160,1220,370]",item_bottled_rec_hp_1,1
transfer/3.png,"[30,160,1220,370]",item_bottled_rec_hp_5,4
transfer/3.png,"[30,160,1220,370]",item_carbon_mtl,1
transfer/3.png,"[30,160,1220,370]",item_carbon_powder,1
transfer/3.png,"[30,160,1220,370]",item_copper_cmpt,1
transfer/3.png,"[30,160,1220,370]",item_copper_enr2_cmpt,1
transfer/3.png,"[30,160,1220,370]",item_copper_enr_cmpt,1
transfer/3.png,"[30,160,1220,370]",item_copper_nugget,1
transfer/3.png,"[30,160,1220,370]",item_copper_powder,1
transfer/3.png,"[30,160,1220,370]",item_corp1_animal_1,1
transfer/3.png,"[30,160,1220,370]",item_corp3_animal_1,1
transfer/3.png,"[30,160,1220,370]",item_corp3_grass1_1,1
transfer/3.png,"[30,160,1220,370]",item_corp4_grass2_1,2
transfer/3.png,"[30,160,1220,370]",item_crystal_powder,1
transfer/3.png,"[30,160,1220,370]",item_device_balloon_recycle_3,1
transfer/3.png,"[30,160,1220,370]",item_device_xiranite_nexus_3,1
transfer/3.png,"[30,160,1220,370]",item_device_xiranite_radar_1,1
transfer/3.png,"[30,160,1220,370]",item_equip_script_2,1
transfer/3.png,"[30,160,1220,370]",item_equip_script_3,1
transfer/3.png,"[30,160,1220,370]",item_equip_script_4,1
transfer/3.png,"[30,160,1220,370]",item_equip_script_4_1,1
transfer/3.png,"[30,160,1220,370]",item_equip_script_4_2,1
transfer/3.png,"[30,160,1220,370]",item_equip_script_4_3,1
transfer/3.png,"[30,160,1220,370]",item_ethillu_1_wgslime_1_wgthorns_1_1,1
transfer/3.png,"[30,160,1220,370]",item_hscrane_1_hsmob_1_grass_1_1,1
transfer/3.png,"[30,160,1220,370]",item_iron_cmpt,1
transfer/3.png,"[30,160,1220,370]",item_iron_enr_cmpt,1
transfer/3.png,"[30,160,1220,370]",item_iron_nugget,1
transfer/3.png,"[30,160,1220,370]",item_iron_powder,1
transfer/3.png,"[30,160,1220,370]",item_lbshield_1_slimeml_1_dog_1_1,1
transfer/3.png,"[30,160,1220,370]",item_originium_powder,1
transfer/3.png,"[30,160,1220,370]",item_plant_moss_powder_1,1
transfer/3.png,"[30,160,1220,370]",item_plant_moss_powder_2,2
transfer/3.png,"[30,160,1220,370]",item_plant_moss_spc_powder_1,1
transfer/3.png,"[30,160,1220,370]",item_plant_moss_spc_powder_2,1
transfer/3.png,"[30,160,1220,370]",item_port_dumper_1,1
transfer/3.png,"[30,160,1220,370]",item_proc_battery_5,1
transfer/3.png,"[30,160,1220,370]",item_proc_bomb_1,2
transfer/3.png,"[30,160,1220,370]",item_slimeml_1_agrange_1_moss_2_1,1
transfer/3.png,"[30,160,1220,370]",item_sp_1_moss_1_agmelee_1_1,1
transfer/4.png,"[30,160,1220,370]",item_agfly_1_agmelee_1_moss_2_1,1
transfer/4.png,"[30,160,1220,370]",item_agmelee_1_moss_1_lbmob_1_1,1
transfer/4.png,"[30,160,1220,370]",item_agrange_1_erhound_1_sp_1_1,1
transfer/4.png,"[30,160,1220,370]",item_agrange_1_moss_2_lbmob_1_1,1
transfer/4.png,"[30,160,1220,370]",item_bottled_flower1spc_1,1
transfer/4.png,"[30,160,1220,370]",item_bottled_flower1spc_2,1
transfer/4.png,"[30,160,1220,370]",item_bottled_flower1spc_3,1
transfer/4.png,"[30,160,1220,370]",item_bottled_flower2spc_2,1
transfer/4.png,"[30,160,1220,370]",item_bottled_flower2spc_3,2
transfer/4.png,"[30,160,1220,370]",item_bottled_grass1spc_1,1
transfer/4.png,"[30,160,1220,370]",item_bottled_grass2spc_2,1
transfer/4.png,"[30,160,1220,370]",item_bottled_insec1_1,1
transfer/4.png,"[30,160,1220,370]",item_bottled_insec1_2,1
transfer/4.png,"[30,160,1220,370]",item_bottled_insec2_1,1
transfer/4.png,"[30,160,1220,370]",item_bottled_insec2_2,1
transfer/4.png,"[30,160,1220,370]",item_bottled_rec_hp_1,1
transfer/4.png,"[30,160,1220,370]",item_bottled_rec_hp_5,4
transfer/4.png,"[30,160,1220,370]",item_corp3_grass1_1,1
transfer/4.png,"[30,160,1220,370]",item_corp4_grass2_1,1
transfer/4.png,"[30,160,1220,370]",item_device_balloon_recycle_3,1
transfer/4.png,"[30,160,1220,370]",item_device_xiranite_nexus_3,1
transfer/4.png,"[30,160,1220,370]",item_device_xiranite_radar_1,1
transfer/4.png,"[30,160,1220,370]",item_erhound_1_agmelee_1_moss_1_1,1
transfer/4.png,"[30,160,1220,370]",item_ethillu_1_wgslime_1_wgthorns_1_1,2
transfer/4.png,"[30,160,1220,370]",item_hscrane_1_hsmob_1_grass_1_1,1
transfer/4.png,"[30,160,1220,370]",item_lbmob_1_lbshamman_1_sp_1_1,1
transfer/4.png,"[30,160,1220,370]",item_lbshamman_1_agmelee_1_1,1
transfer/4.png,"[30,160,1220,370]",item_lbshield_1_slimeml_1_dog_1_1,2
transfer/4.png,"[30,160,1220,370]",item_plant_moss_powder_2,1
transfer/4.png,"[30,160,1220,370]",item_port_dumper_1,1
transfer/4.png,"[30,160,1220,370]",item_proc_bomb_1,1
transfer/4.png,"[30,160,1220,370]",item_slimeml_1_agrange_1_moss_2_1,2
transfer/4.png,"[30,160,1220,370]",item_slimeml_1_erhound_1_agfly_1_1,1
transfer/4.png,"[30,160,1220,370]",item_sp_1_moss_1_agmelee_1_1,2
transfer/4.png,"[30,160,1220,370]",item_sp_2_moss_2_agrange_1_1,1
transfer/4.png,"[30,160,1220,370]",item_wgslime_1_wgthorns_1_1,1
transfer/5.png,"[30,160,1220,370]",item_bottled_flower2spc_3,1
transfer/5.png,"[30,160,1220,370]",item_bottled_food_1,1
transfer/5.png,"[30,160,1220,370]",item_bottled_food_2,1
transfer/5.png,"[30,160,1220,370]",item_bottled_insec1_2,1
transfer/5.png,"[30,160,1220,370]",item_bottled_rec_hp_1,2
transfer/5.png,"[30,160,1220,370]",item_bottled_rec_hp_2,1
transfer/5.png,"[30,160,1220,370]",item_bottled_rec_hp_3,1
transfer/5.png,"[30,160,1220,370]",item_bottled_rec_hp_5,5
transfer/5.png,"[30,160,1220,370]",item_corp3_grass1_1,1
transfer/5.png,"[30,160,1220,370]",item_corp4_grass2_1,1
transfer/5.png,"[30,160,1220,370]",item_device_balloon_recycle_3,1
transfer/5.png,"[30,160,1220,370]",item_device_xiranite_nexus_3,1
transfer/5.png,"[30,160,1220,370]",item_device_xiranite_radar_1,1
transfer/5.png,"[30,160,1220,370]",item_ethillu_1_wgslime_1_wgthorns_1_1,1
transfer/5.png,"[30,160,1220,370]",item_hscrane_1_hsmob_1_grass_1_1,1
transfer/5.png,"[30,160,1220,370]",item_lbshield_1_slimeml_1_dog_1_1,1
transfer/5.png,"[30,160,1220,370]",item_plant_moss_powder_2,1
transfer/5.png,"[30,160,1220,370]",item_port_dismantler_1,1
transfer/5.png,"[30,160,1220,370]",item_port_dumper_1,2
transfer/5.png,"[30,160,1220,370]",item_port_filling_pd_mc_1,1
transfer/5.png,"[30,160,1220,370]",item_port_furnance_1,1
transfer/5.png,"[30,160,1220,370]",item_port_gas_storager_1,1
transfer/5.png,"[30,160,1220,370]",item_port_grinder_1,1
transfer/5.png,"[30,160,1220,370]",item_port_liquid_cleaner_1,1
transfer/5.png,"[30,160,1220,370]",item_port_loader_1,1
transfer/5.png,"[30,160,1220,370]",item_port_marker_1,1
transfer/5.png,"[30,160,1220,370]",item_port_mix_pool_1,1
transfer/5.png,"[30,160,1220,370]",item_port_phase_trans_1,1
transfer/5.png,"[30,160,1220,370]",item_port_phase_trans_2,1
transfer/5.png,"[30,160,1220,370]",item_port_planter_1,1
transfer/5.png,"[30,160,1220,370]",item_port_power_diffuser_1,1
transfer/5.png,"[30,160,1220,370]",item_port_power_diffuser_2,1
transfer/5.png,"[30,160,1220,370]",item_port_power_pole_2,1
transfer/5.png,"[30,160,1220,370]",item_port_power_pole_3,1
transfer/5.png,"[30,160,1220,370]",item_port_power_sta_1,1
transfer/5.png,"[30,160,1220,370]",item_port_seedcol_1,1
transfer/5.png,"[30,160,1220,370]",item_port_shaper_1,1
transfer/5.png,"[30,160,1220,370]",item_port_thickener_1,1
transfer/5.png,"[30,160,1220,370]",item_port_travel_pole_2,1
transfer/5.png,"[30,160,1220,370]",item_port_udpipe_loader_1,1
transfer/5.png,"[30,160,1220,370]",item_port_udpipe_unloader_1,1
transfer/5.png,"[30,160,1220,370]",item_port_unloader_1,1
transfer/5.png,"[30,160,1220,370]",item_port_winder_1,1
transfer/5.png,"[30,160,1220,370]",item_proc_bomb_1,1
transfer/5.png,"[30,160,1220,370]",item_slimeml_1_agrange_1_moss_2_1,1
transfer/5.png,"[30,160,1220,370]",item_sp_1_moss_1_agmelee_1_1,1
transfer/6.png,"[30,160,1220,370]",item_bottled_flower2spc_3,1
transfer/6.png,"[30,160,1220,370]",item_bottled_insec1_2,1
transfer/6.png,"[30,160,1220,370]",item_bottled_rec_hp_1,1
transfer/6.png,"[30,160,1220,370]",item_bottled_rec_hp_5,4
transfer/6.png,"[30,160,1220,370]",item_corp3_grass1_1,1
transfer/6.png,"[30,160,1220,370]",item_corp4_grass2_1,1
transfer/6.png,"[30,160,1220,370]",item_device_balloon_recycle_3,1
transfer/6.png,"[30,160,1220,370]",item_device_xiranite_nexus_3,1
transfer/6.png,"[30,160,1220,370]",item_device_xiranite_radar_1,1
transfer/6.png,"[30,160,1220,370]",item_ethillu_1_wgslime_1_wgthorns_1_1,1
transfer/6.png,"[30,160,1220,370]",item_hscrane_1_hsmob_1_grass_1_1,1
transfer/6.png,"[30,160,1220,370]",item_lbshield_1_slimeml_1_dog_1_1,1
transfer/6.png,"[30,160,1220,370]",item_plant_moss_powder_2,1
transfer/6.png,"[30,160,1220,370]",item_port_battle_cannon_1,1
transfer/6.png,"[30,160,1220,370]",item_port_battle_cannon_2,1
transfer/6.png,"[30,160,1220,370]",item_port_battle_debuff_1,1
transfer/6.png,"[30,160,1220,370]",item_port_battle_jet_1,1
transfer/6.png,"[30,160,1220,370]",item_port_battle_laser_2,1
transfer/6.png,"[30,160,1220,370]",item_port_battle_rocket_1,1
transfer/6.png,"[30,160,1220,370]",item_port_battle_sniper_1,1
transfer/6.png,"[30,160,1220,370]",item_port_battle_trap_1,1
transfer/6.png,"[30,160,1220,370]",item_port_battle_turret_1,1
transfer/6.png,"[30,160,1220,370]",item_port_battle_turret_2,1
transfer/6.png,"[30,160,1220,370]",item_port_dumper_1,1
transfer/6.png,"[30,160,1220,370]",item_port_filling_pd_mc_1,1
transfer/6.png,"[30,160,1220,370]",item_port_furnance_1,1
transfer/6.png,"[30,160,1220,370]",item_port_grinder_1,1
transfer/6.png,"[30,160,1220,370]",item_port_loader_1,1
transfer/6.png,"[30,160,1220,370]",item_port_marker_1,1
transfer/6.png,"[30,160,1220,370]",item_port_miner_3,1
transfer/6.png,"[30,160,1220,370]",item_port_miner_4,1
transfer/6.png,"[30,160,1220,370]",item_port_planter_1,1
transfer/6.png,"[30,160,1220,370]",item_port_power_diffuser_1,1
transfer/6.png,"[30,160,1220,370]",item_port_power_diffuser_2,1
transfer/6.png,"[30,160,1220,370]",item_port_power_pole_2,1
transfer/6.png,"[30,160,1220,370]",item_port_power_pole_3,1
transfer/6.png,"[30,160,1220,370]",item_port_power_sta_1,1
transfer/6.png,"[30,160,1220,370]",item_port_pump_2,1
transfer/6.png,"[30,160,1220,370]",item_port_seedcol_1,1
transfer/6.png,"[30,160,1220,370]",item_port_shaper_1,1
transfer/6.png,"[30,160,1220,370]",item_port_soil_grass_1,1
transfer/6.png,"[30,160,1220,370]",item_port_soil_grass_2,1
transfer/6.png,"[30,160,1220,370]",item_port_travel_pole_2,1
transfer/6.png,"[30,160,1220,370]",item_port_unloader_1,1
transfer/6.png,"[30,160,1220,370]",item_port_winder_1,1
transfer/6.png,"[30,160,1220,370]",item_proc_bomb_1,1
transfer/6.png,"[30,160,1220,370]",item_slimeml_1_agrange_1_moss_2_1,1
transfer/6.png,"[30,160,1220,370]",item_sp_1_moss_1_agmelee_1_1,1
transfer/7.png,"[30,160,1220,370]",item_bottled_flower2spc_3,1
transfer/7.png,"[30,160,1220,370]",item_bottled_insec1_2,1
transfer/7.png,"[30,160,1220,370]",item_bottled_rec_hp_1,1
transfer/7.png,"[30,160,1220,370]",item_bottled_rec_hp_5,4
transfer/7.png,"[30,160,1220,370]",item_corp3_grass1_1,1
transfer/7.png,"[30,160,1220,370]",item_corp4_grass2_1,1
transfer/7.png,"[30,160,1220,370]",item_device_balloon_recycle_3,1
transfer/7.png,"[30,160,1220,370]",item_device_xiranite_nexus_3,1
transfer/7.png,"[30,160,1220,370]",item_device_xiranite_radar_1,1
transfer/7.png,"[30,160,1220,370]",item_drop_ethillu_1,1
transfer/7.png,"[30,160,1220,370]",item_drop_firebat_1,1
transfer/7.png,"[30,160,1220,370]",item_drop_hscrane_1,1
transfer/7.png,"[30,160,1220,370]",item_drop_hshog_1,1
transfer/7.png,"[30,160,1220,370]",item_drop_hsmino_1,1
transfer/7.png,"[30,160,1220,370]",item_drop_klbuds_1,1
transfer/7.png,"[30,160,1220,370]",item_drop_klcaps_1,1
transfer/7.png,"[30,160,1220,370]",item_drop_lbshamman_1,1
transfer/7.png,"[30,160,1220,370]",item_drop_lbtough_1,1
transfer/7.png,"[30,160,1220,370]",item_drop_mimicw_1,1
transfer/7.png,"[30,160,1220,370]",item_drop_sandb_1,1
transfer/7.png,"[30,160,1220,370]",item_drop_wgabyss_1,1
transfer/7.png,"[30,160,1220,370]",item_drop_wgshoal_1,1
transfer/7.png,"[30,160,1220,370]",item_ethillu_1_wgslime_1_wgthorns_1_1,1
transfer/7.png,"[30,160,1220,370]",item_hscrane_1_hsmob_1_grass_1_1,1
transfer/7.png,"[30,160,1220,370]",item_lbshield_1_slimeml_1_dog_1_1,1
transfer/7.png,"[30,160,1220,370]",item_plant_crylplant_1_1,1
transfer/7.png,"[30,160,1220,370]",item_plant_crylplant_1_2,1
transfer/7.png,"[30,160,1220,370]",item_plant_crylplant_1_3,1
transfer/7.png,"[30,160,1220,370]",item_plant_crylplant_2_1,1
transfer/7.png,"[30,160,1220,370]",item_plant_crylplant_2_2,1
transfer/7.png,"[30,160,1220,370]",item_plant_crylplant_2_3,1
transfer/7.png,"[30,160,1220,370]",item_plant_moss_powder_2,1
transfer/7.png,"[30,160,1220,370]",item_plant_mushroom_1_1,1
transfer/7.png,"[30,160,1220,370]",item_plant_mushroom_1_2,1
transfer/7.png,"[30,160,1220,370]",item_plant_mushroom_1_3,1
transfer/7.png,"[30,160,1220,370]",item_plant_mushroom_2_1,1
transfer/7.png,"[30,160,1220,370]",item_plant_mushroom_2_2,1
transfer/7.png,"[30,160,1220,370]",item_plant_spcstone_1_1,1
transfer/7.png,"[30,160,1220,370]",item_plant_spcstone_1_2,1
transfer/7.png,"[30,160,1220,370]",item_plant_spcstone_1_3,1
transfer/7.png,"[30,160,1220,370]",item_plant_spcstone_2_1,1
transfer/7.png,"[30,160,1220,370]",item_plant_spcstone_2_2,1
transfer/7.png,"[30,160,1220,370]",item_plant_spcstone_2_3,1
transfer/7.png,"[30,160,1220,370]",item_port_dumper_1,1
transfer/7.png,"[30,160,1220,370]",item_proc_bomb_1,1
transfer/7.png,"[30,160,1220,370]",item_slimeml_1_agrange_1_moss_2_1,1
transfer/7.png,"[30,160,1220,370]",item_sp_1_moss_1_agmelee_1_1,1
transfer/7.png,"[30,160,1220,370]",item_spaceship_cmpt_1,1
transfer/7.png,"[30,160,1220,370]",item_spaceship_cmpt_2,1
transfer/8.png,"[30,160,1220,370]",item_bottled_flower2spc_3,1
transfer/8.png,"[30,160,1220,370]",item_bottled_insec1_2,1
transfer/8.png,"[30,160,1220,370]",item_bottled_rec_hp_1,1
transfer/8.png,"[30,160,1220,370]",item_bottled_rec_hp_5,4
transfer/8.png,"[30,160,1220,370]",item_corp3_grass1_1,1
transfer/8.png,"[30,160,1220,370]",item_corp4_grass2_1,1
transfer/8.png,"[30,160,1220,370]",item_device_balloon_recycle_3,1
transfer/8.png,"[30,160,1220,370]",item_device_xiranite_nexus_3,1
transfer/8.png,"[30,160,1220,370]",item_device_xiranite_radar_1,1
transfer/8.png,"[30,160,1220,370]",item_drop_ethillu_1,1
transfer/8.png,"[30,160,1220,370]",item_drop_firebat_1,1
transfer/8.png,"[30,160,1220,370]",item_drop_hscrane_1,1
transfer/8.png,"[30,160,1220,370]",item_drop_hshog_1,1
transfer/8.png,"[30,160,1220,370]",item_drop_hsmino_1,1
transfer/8.png,"[30,160,1220,370]",item_drop_klbuds_1,1
transfer/8.png,"[30,160,1220,370]",item_drop_klcaps_1,1
transfer/8.png,"[30,160,1220,370]",item_drop_lbshamman_1,1
transfer/8.png,"[30,160,1220,370]",item_drop_lbtough_1,1
transfer/8.png,"[30,160,1220,370]",item_drop_mimicw_1,1
transfer/8.png,"[30,160,1220,370]",item_drop_sandb_1,1
transfer/8.png,"[30,160,1220,370]",item_drop_wgabyss_1,1
transfer/8.png,"[30,160,1220,370]",item_drop_wgshoal_1,1
transfer/8.png,"[30,160,1220,370]",item_ethillu_1_wgslime_1_wgthorns_1_1,1
transfer/8.png,"[30,160,1220,370]",item_hscrane_1_hsmob_1_grass_1_1,1
transfer/8.png,"[30,160,1220,370]",item_lbshield_1_slimeml_1_dog_1_1,1
transfer/8.png,"[30,160,1220,370]",item_plant_crylplant_1_1,1
transfer/8.png,"[30,160,1220,370]",item_plant_crylplant_1_2,1
transfer/8.png,"[30,160,1220,370]",item_plant_crylplant_1_3,1
transfer/8.png,"[30,160,1220,370]",item_plant_crylplant_2_1,1
transfer/8.png,"[30,160,1220,370]",item_plant_crylplant_2_2,1
transfer/8.png,"[30,160,1220,370]",item_plant_crylplant_2_3,1
transfer/8.png,"[30,160,1220,370]",item_plant_moss_powder_2,1
transfer/8.png,"[30,160,1220,370]",item_plant_mushroom_1_1,1
transfer/8.png,"[30,160,1220,370]",item_plant_mushroom_1_2,1
transfer/8.png,"[30,160,1220,370]",item_plant_mushroom_1_3,1
transfer/8.png,"[30,160,1220,370]",item_plant_mushroom_2_1,1
transfer/8.png,"[30,160,1220,370]",item_plant_mushroom_2_2,1
transfer/8.png,"[30,160,1220,370]",item_plant_spcstone_1_1,1
transfer/8.png,"[30,160,1220,370]",item_plant_spcstone_1_2,1
transfer/8.png,"[30,160,1220,370]",item_plant_spcstone_1_3,1
transfer/8.png,"[30,160,1220,370]",item_plant_spcstone_2_1,1
transfer/8.png,"[30,160,1220,370]",item_plant_spcstone_2_2,1
transfer/8.png,"[30,160,1220,370]",item_plant_spcstone_2_3,1
transfer/8.png,"[30,160,1220,370]",item_port_dumper_1,1
transfer/8.png,"[30,160,1220,370]",item_proc_bomb_1,1
transfer/8.png,"[30,160,1220,370]",item_slimeml_1_agrange_1_moss_2_1,1
transfer/8.png,"[30,160,1220,370]",item_sp_1_moss_1_agmelee_1_1,1
transfer/8.png,"[30,160,1220,370]",item_spaceship_cmpt_1,1
transfer/8.png,"[30,160,1220,370]",item_spaceship_cmpt_2,1
transfer/9.png,"[30,160,1220,370]",item_bottled_flower2spc_3,1
transfer/9.png,"[30,160,1220,370]",item_bottled_insec1_2,1
transfer/9.png,"[30,160,1220,370]",item_bottled_rec_hp_1,1
transfer/9.png,"[30,160,1220,370]",item_bottled_rec_hp_5,4
transfer/9.png,"[30,160,1220,370]",item_corp3_grass1_1,1
transfer/9.png,"[30,160,1220,370]",item_corp4_grass2_1,1
transfer/9.png,"[30,160,1220,370]",item_device_balloon_recycle_3,1
transfer/9.png,"[30,160,1220,370]",item_device_xiranite_nexus_3,1
transfer/9.png,"[30,160,1220,370]",item_device_xiranite_radar_1,1
transfer/9.png,"[30,160,1220,370]",item_drop_ethillu_1,1
transfer/9.png,"[30,160,1220,370]",item_drop_firebat_1,1
transfer/9.png,"[30,160,1220,370]",item_drop_hscrane_1,1
transfer/9.png,"[30,160,1220,370]",item_drop_hshog_1,1
transfer/9.png,"[30,160,1220,370]",item_drop_hsmino_1,1
transfer/9.png,"[30,160,1220,370]",item_drop_klbuds_1,1
transfer/9.png,"[30,160,1220,370]",item_drop_klcaps_1,1
transfer/9.png,"[30,160,1220,370]",item_drop_lbshamman_1,1
transfer/9.png,"[30,160,1220,370]",item_drop_lbtough_1,1
transfer/9.png,"[30,160,1220,370]",item_drop_mimicw_1,1
transfer/9.png,"[30,160,1220,370]",item_drop_sandb_1,1
transfer/9.png,"[30,160,1220,370]",item_drop_wgabyss_1,1
transfer/9.png,"[30,160,1220,370]",item_drop_wgshoal_1,1
transfer/9.png,"[30,160,1220,370]",item_ethillu_1_wgslime_1_wgthorns_1_1,1
transfer/9.png,"[30,160,1220,370]",item_hscrane_1_hsmob_1_grass_1_1,1
transfer/9.png,"[30,160,1220,370]",item_lbshield_1_slimeml_1_dog_1_1,1
transfer/9.png,"[30,160,1220,370]",item_plant_crylplant_1_1,1
transfer/9.png,"[30,160,1220,370]",item_plant_crylplant_1_2,1
transfer/9.png,"[30,160,1220,370]",item_plant_crylplant_1_3,1
transfer/9.png,"[30,160,1220,370]",item_plant_crylplant_2_1,1
transfer/9.png,"[30,160,1220,370]",item_plant_crylplant_2_2,1
transfer/9.png,"[30,160,1220,370]",item_plant_crylplant_2_3,1
transfer/9.png,"[30,160,1220,370]",item_plant_moss_powder_2,1
transfer/9.png,"[30,160,1220,370]",item_plant_mushroom_1_1,1
transfer/9.png,"[30,160,1220,370]",item_plant_mushroom_1_2,1
transfer/9.png,"[30,160,1220,370]",item_plant_mushroom_1_3,1
transfer/9.png,"[30,160,1220,370]",item_plant_mushroom_2_1,1
transfer/9.png,"[30,160,1220,370]",item_plant_mushroom_2_2,1
transfer/9.png,"[30,160,1220,370]",item_plant_spcstone_1_1,1
transfer/9.png,"[30,160,1220,370]",item_plant_spcstone_1_2,1
transfer/9.png,"[30,160,1220,370]",item_plant_spcstone_1_3,1
transfer/9.png,"[30,160,1220,370]",item_plant_spcstone_2_1,1
transfer/9.png,"[30,160,1220,370]",item_plant_spcstone_2_2,1
transfer/9.png,"[30,160,1220,370]",item_plant_spcstone_2_3,1
transfer/9.png,"[30,160,1220,370]",item_port_dumper_1,1
transfer/9.png,"[30,160,1220,370]",item_proc_bomb_1,1
transfer/9.png,"[30,160,1220,370]",item_slimeml_1_agrange_1_moss_2_1,1
transfer/9.png,"[30,160,1220,370]",item_sp_1_moss_1_agmelee_1_1,1
transfer/9.png,"[30,160,1220,370]",item_spaceship_cmpt_1,1
transfer/9.png,"[30,160,1220,370]",item_spaceship_cmpt_2,1
valuables/1.png,"[100,85,790,540]",wpn_claym_0012,7
valuables/1.png,"[100,85,790,540]",wpn_claym_0014,1
valuables/1.png,"[100,85,790,540]",wpn_claym_0015,2
valuables/1.png,"[100,85,790,540]",wpn_funnel_0004,2
valuables/1.png,"[100,85,790,540]",wpn_funnel_0012,2
valuables/1.png,"[100,85,790,540]",wpn_funnel_0014,3
valuables/1.png,"[100,85,790,540]",wpn_lance_0004,1
valuables/1.png,"[100,85,790,540]",wpn_pistol_0004,2
valuables/1.png,"[100,85,790,540]",wpn_pistol_0012,1
valuables/1.png,"[100,85,790,540]",wpn_sword_0007,1
valuables/1.png,"[100,85,790,540]",wpn_sword_0015,2
valuables/10.png,"[100,85,790,540]",ap_supply_lt_n,2
valuables/10.png,"[100,85,790,540]",item_ap_feed_in,1
valuables/10.png,"[100,85,790,540]",item_ap_supply_springfes_1,1
valuables/10.png,"[100,85,790,540]",item_ap_supply_springfes_2,1
valuables/10.png,"[100,85,790,540]",item_ap_supply_springfes_3,1
valuables/10.png,"[100,85,790,540]",item_ap_supply_universe,1
valuables/10.png,"[100,85,790,540]",item_ap_take_out,1
valuables/10.png,"[100,85,790,540]",item_case_bp_selfselect_skillsp_1,1
valuables/10.png,"[100,85,790,540]",item_case_wpn_selfselect_bp_2,1
valuables/10.png,"[100,85,790,540]",item_case_wpn_selfselect_bp_3,1
valuables/10.png,"[100,85,790,540]",item_case_wpn_selfselect_bp_4,1
valuables/10.png,"[100,85,790,540]",item_case_wpn_selfselect_bp_5,1
valuables/10.png,"[100,85,790,540]",item_case_wpn_selfselect_gahca_1_1_2,1
valuables/10.png,"[100,85,790,540]",item_char_ap_supply_aglina,1
valuables/10.png,"[100,85,790,540]",item_char_ap_supply_laevat,1
valuables/10.png,"[100,85,790,540]",item_char_ap_supply_yvonne,1
valuables/10.png,"[100,85,790,540]",item_gachabyproducts_charticket,1
valuables/10.png,"[100,85,790,540]",item_gachabyproducts_weaponticket,1
valuables/10.png,"[100,85,790,540]",item_springbox_01,1
valuables/10.png,"[100,85,790,540]",item_springbox_02,1
valuables/10.png,"[100,85,790,540]",item_ticketgacha_standard_single,1
valuables/10.png,"[100,85,790,540]",item_ticketgacha_weaponbox_constant_2,1
valuables/10.png,"[100,85,790,540]",ticketgacha_special_single_lt_1_4_2,1
valuables/11.png,"[100,85,790,540]",item_bp_double_reward,1
valuables/11.png,"[100,85,790,540]",item_gem_stable_energy_point_tundra,1
valuables/11.png,"[100,85,790,540]",item_gem_stable_energy_point_wuling,1
valuables/11.png,"[100,85,790,540]",item_gift_jinlong_1,1
valuables/11.png,"[100,85,790,540]",item_gift_jinlong_2,1
valuables/11.png,"[100,85,790,540]",item_gift_jinlong_3,1
valuables/11.png,"[100,85,790,540]",item_gift_jinlong_4,1
valuables/11.png,"[100,85,790,540]",item_gift_jinlong_5,1
valuables/11.png,"[100,85,790,540]",item_gift_jinlong_6,1
valuables/11.png,"[100,85,790,540]",item_gift_tundra_3,1
valuables/11.png,"[100,85,790,540]",item_gift_tundra_4,1
valuables/11.png,"[100,85,790,540]",item_gift_tundra_5,1
valuables/11.png,"[100,85,790,540]",item_gift_tundra_6,1
valuables/11.png,"[100,85,790,540]",item_gift_tundra_7,1
valuables/11.png,"[100,85,790,540]",item_tundra_detector_coin_3,1
valuables/11.png,"[100,85,790,540]",item_tundra_detector_trchest_3,1
valuables/11.png,"[100,85,790,540]",item_weekraid_collection_1_1_d,1
valuables/11.png,"[100,85,790,540]",item_weekraid_collection_1_3_d,1
valuables/11.png,"[100,85,790,540]",item_weekraid_collection_1_7_d,1
valuables/11.png,"[100,85,790,540]",item_weekraid_collection_1_9_d,1
valuables/11.png,"[100,85,790,540]",item_weekraid_enemy_drop_1_d,1
valuables/11.png,"[100,85,790,540]",item_wuling_detector_coin_3,1
valuables/11.png,"[100,85,790,540]",item_wuling_detector_star,1
valuables/11.png,"[100,85,790,540]",item_wuling_detector_trchest_3,1
valuables/12.png,"[100,85,790,540]",item_gift_jinlong_1,1
valuables/12.png,"[100,85,790,540]",item_gift_jinlong_2,1
valuables/12.png,"[100,85,790,540]",item_gift_jinlong_3,1
valuables/12.png,"[100,85,790,540]",item_gift_jinlong_4,1
valuables/12.png,"[100,85,790,540]",item_gift_jinlong_5,1
valuables/12.png,"[100,85,790,540]",item_gift_jinlong_6,1
valuables/12.png,"[100,85,790,540]",item_gift_tundra_1,1
valuables/12.png,"[100,85,790,540]",item_gift_tundra_2,1
valuables/12.png,"[100,85,790,540]",item_gift_tundra_3,1
valuables/12.png,"[100,85,790,540]",item_gift_tundra_4,1
valuables/12.png,"[100,85,790,540]",item_gift_tundra_5,1
valuables/12.png,"[100,85,790,540]",item_gift_tundra_6,1
valuables/12.png,"[100,85,790,540]",item_gift_tundra_7,1
valuables/12.png,"[100,85,790,540]",item_spaceship_exhibits_jinlong_2,1
valuables/12.png,"[100,85,790,540]",item_spaceship_exhibits_jinlong_3,1
valuables/12.png,"[100,85,790,540]",item_spaceship_exhibits_shanshantu,1
valuables/12.png,"[100,85,790,540]",item_spaceship_exhibits_tundra_1,1
valuables/12.png,"[100,85,790,540]",item_spaceship_exhibits_tundra_2,1
valuables/12.png,"[100,85,790,540]",item_spaceship_exhibits_tundra_3,1
valuables/12.png,"[100,85,790,540]",item_spaceship_exhibits_tundra_4,1
valuables/12.png,"[100,85,790,540]",item_spaceship_exhibits_universe,1
valuables/12.png,"[100,85,790,540]",item_weekraid_enemy_drop_1_d,1
valuables/13.png,"[100,85,790,540]",wpn_claym_0006,1
valuables/13.png,"[100,85,790,540]",wpn_claym_0008,2
valuables/13.png,"[100,85,790,540]",wpn_funnel_0005,2
valuables/13.png,"[100,85,790,540]",wpn_funnel_0007,1
valuables/13.png,"[100,85,790,540]",wpn_funnel_0010,2
valuables/13.png,"[100,85,790,540]",wpn_funnel_0012,1
valuables/13.png,"[100,85,790,540]",wpn_funnel_0013,1
valuables/13.png,"[100,85,790,540]",wpn_funnel_0016,1
valuables/13.png,"[100,85,790,540]",wpn_lance_0013,1
valuables/13.png,"[100,85,790,540]",wpn_lance_0014,1
valuables/13.png,"[100,85,790,540]",wpn_pistol_0004,1
valuables/13.png,"[100,85,790,540]",wpn_pistol_0005,2
valuables/13.png,"[100,85,790,540]",wpn_pistol_0008,2
valuables/13.png,"[100,85,790,540]",wpn_sword_0005,1
valuables/13.png,"[100,85,790,540]",wpn_sword_0015,1
valuables/13.png,"[100,85,790,540]",wpn_sword_0019,1
valuables/13.png,"[100,85,790,540]",wpn_sword_0021,1
valuables/13.png,"[100,85,790,540]",wpn_sword_0022,1
valuables/13.png,"[100,85,790,540]",wpn_sword_0026,1
valuables/2.png,"[100,85,790,540]",wpn_claym_0011,1
valuables/2.png,"[100,85,790,540]",wpn_funnel_0005,3
valuables/2.png,"[100,85,790,540]",wpn_funnel_0007,1
valuables/2.png,"[100,85,790,540]",wpn_lance_0004,3
valuables/2.png,"[100,85,790,540]",wpn_lance_0006,3
valuables/2.png,"[100,85,790,540]",wpn_lance_0013,2
valuables/2.png,"[100,85,790,540]",wpn_pistol_0006,5
valuables/2.png,"[100,85,790,540]",wpn_sword_0005,3
valuables/2.png,"[100,85,790,540]",wpn_sword_0007,3
valuables/3.png,"[100,85,790,540]",,0
valuables/4.png,"[100,85,790,540]",,0
valuables/5.png,"[100,85,790,540]",,0
valuables/6.png,"[100,85,790,540]",,0
valuables/7.png,"[100,85,790,540]",item_char_break_stage_1_2,1
valuables/7.png,"[100,85,790,540]",item_char_break_stage_3_4,1
valuables/7.png,"[100,85,790,540]",item_char_skill_crown,1
valuables/7.png,"[100,85,790,540]",item_char_skill_level_1_6,1
valuables/7.png,"[100,85,790,540]",item_char_skill_level_7_12,1
valuables/7.png,"[100,85,790,540]",item_char_skill_specialize_1,1
valuables/7.png,"[100,85,790,540]",item_char_skill_specialize_2,1
valuables/7.png,"[100,85,790,540]",item_char_skill_specialize_3,1
valuables/7.png,"[100,85,790,540]",item_char_skill_specialize_4,1
valuables/7.png,"[100,85,790,540]",item_char_skill_specialize_5,1
valuables/7.png,"[100,85,790,540]",item_equip_enhance_wuling,1
valuables/7.png,"[100,85,790,540]",item_expcard_stage1_high,1
valuables/7.png,"[100,85,790,540]",item_expcard_stage1_low,1
valuables/7.png,"[100,85,790,540]",item_expcard_stage1_mid,1
valuables/7.png,"[100,85,790,540]",item_expcard_stage2_high,1
valuables/7.png,"[100,85,790,540]",item_expcard_stage2_low,1
valuables/7.png,"[100,85,790,540]",item_plant_spcstone_seed_2_2,1
valuables/7.png,"[100,85,790,540]",item_plant_spcstone_seed_2_3,1
valuables/7.png,"[100,85,790,540]",item_weapon_break_high,1
valuables/7.png,"[100,85,790,540]",item_weapon_break_low,1
valuables/7.png,"[100,85,790,540]",item_weapon_expcard_high,1
valuables/7.png,"[100,85,790,540]",item_weapon_expcard_low,1
valuables/7.png,"[100,85,790,540]",item_weapon_expcard_mid,1
valuables/7.png,"[100,85,790,540]",item_wpngem_enhance_dust,1
valuables/8.png,"[100,85,790,540]",item_equip_enhance_wuling,1
valuables/8.png,"[100,85,790,540]",item_plant_crylplant_seed_1_1,1
valuables/8.png,"[100,85,790,540]",item_plant_crylplant_seed_1_3,1
valuables/8.png,"[100,85,790,540]",item_plant_crylplant_seed_2_1,1
valuables/8.png,"[100,85,790,540]",item_plant_crylplant_seed_2_2,1
valuables/8.png,"[100,85,790,540]",item_plant_crylplant_seed_2_3,1
valuables/8.png,"[100,85,790,540]",item_plant_mushroom_seed_1_1,1
valuables/8.png,"[100,85,790,540]",item_plant_mushroom_seed_1_2,1
valuables/8.png,"[100,85,790,540]",item_plant_mushroom_seed_1_3,1
valuables/8.png,"[100,85,790,540]",item_plant_mushroom_seed_2_1,1
valuables/8.png,"[100,85,790,540]",item_plant_mushroom_seed_2_2,1
valuables/8.png,"[100,85,790,540]",item_plant_mushroom_seed_2_3,1
valuables/8.png,"[100,85,790,540]",item_plant_spcstone_seed_1_2,1
valuables/8.png,"[100,85,790,540]",item_plant_spcstone_seed_1_3,1
valuables/8.png,"[100,85,790,540]",item_plant_spcstone_seed_2_1,1
valuables/8.png,"[100,85,790,540]",item_plant_spcstone_seed_2_2,1
valuables/8.png,"[100,85,790,540]",item_plant_spcstone_seed_2_3,1
valuables/8.png,"[100,85,790,540]",item_weapon_break_high,1
valuables/8.png,"[100,85,790,540]",item_weapon_break_low,1
valuables/8.png,"[100,85,790,540]",item_wpngem_enhance_dust,1
valuables/9.png,"[100,85,790,540]",,0
